"usuario","timestamp","cpu","ram","disco","uptime"
7,"2025-10-01 11:51:22.410396",37.6,81.6,74.1,2840.258828
7,"2025-10-01 11:51:34.074228",18.8,82.1,74.1,2851.922303
7,"2025-10-01 11:51:45.685074",12.8,82.2,74.1,2863.533118
7,"2025-10-01 11:51:57.263592",12.2,81.8,74.1,2875.111675
7,"2025-10-01 11:52:08.768193",13.7,79.1,74.1,2886.616247
7,"2025-10-01 11:52:19.714696",12.5,79.4,74.1,2897.562925
7,"2025-10-01 11:52:30.687677",16.3,79.2,74.1,2908.536223
7,"2025-10-01 11:52:41.806654",8.2,78.9,74.1,2919.654677
7,"2025-10-01 11:52:52.710390",14.4,79.1,74.1,2930.558352
7,"2025-10-01 11:53:03.992439",11.1,79.8,74.1,2941.840581
7,"2025-10-01 11:53:14.904826",4,79,74.1,2952.752876
7,"2025-10-01 11:53:25.798805",12.1,76.9,74.1,2963.646929
7,"2025-10-01 11:53:36.792891",7.8,76.7,74.1,2974.640919
7,"2025-10-01 11:53:47.710297",6.1,76.7,74.1,2985.558395
7,"2025-10-01 11:53:58.614755",5.7,76.8,74.1,2996.463126
7,"2025-10-01 11:54:09.549492",6.1,76,74.1,3007.397587
7,"2025-10-01 11:54:20.436429",4.2,75.9,74.1,3018.28446
7,"2025-10-01 11:54:31.305515",5.2,75.8,74.1,3029.153543
7,"2025-10-01 11:54:42.168457",5,75.8,74.1,3040.016509
7,"2025-10-01 11:54:53.040378",5.9,75.8,74.1,3050.888429
7,"2025-10-01 11:55:03.908126",5.7,75.7,74.1,3061.756148
7,"2025-10-01 11:55:14.774139",4.1,75.7,74.1,3072.622209
7,"2025-10-01 11:55:25.653230",4.9,75.6,74.1,3083.501372
7,"2025-10-01 11:55:36.521410",5.7,75.6,74.1,3094.369437
7,"2025-10-01 11:55:47.370343",4.5,75.7,74.1,3105.218374
7,"2025-10-01 11:55:58.225816",5.1,75.7,74.1,3116.07388
7,"2025-10-01 11:56:09.078176",4.8,75.8,74.1,3126.926192
7,"2025-10-01 11:56:19.932858",3.3,75.8,74.1,3137.780938
7,"2025-10-01 11:56:30.779954",11.5,75.9,74.1,3148.628014
7,"2025-10-01 11:56:41.811983",10.8,76.2,74.1,3159.660015
7,"2025-10-01 11:56:53.038669",11.2,76.6,74.1,3170.886693
7,"2025-10-01 11:57:04.408996",6.2,76.2,74.1,3182.256993
7,"2025-10-01 11:57:15.732196",6,75.6,74.1,3193.580222
7,"2025-10-01 11:57:27.017325",18.7,77.4,74.1,3204.866532
7,"2025-10-01 11:57:38.240840",10.2,77,74.1,3216.088639
7,"2025-10-01 11:57:49.166883",15.1,78.8,74.1,3227.014984
7,"2025-10-01 11:58:00.039954",5.6,77.1,74.1,3237.887975
7,"2025-10-01 11:58:10.903762",9.6,78.1,74.1,3248.751822
7,"2025-10-01 11:58:21.806686",9,77,74.1,3259.654771
7,"2025-10-01 11:58:32.806152",9.7,76.9,74.1,3270.654338
7,"2025-10-01 11:58:43.941764",10.4,77.2,74.1,3281.789821
7,"2025-10-01 11:58:54.829653",13.2,77.4,74.1,3292.677694
7,"2025-10-01 11:59:05.740813",7,77,74.1,3303.588871
7,"2025-10-01 11:59:16.680788",6,76.5,74.1,3314.528805
7,"2025-10-01 11:59:27.610091",14.4,78.5,74.1,3325.4586
7,"2025-10-01 11:59:38.978337",45.4,86.1,74.1,3336.826298
7,"2025-10-01 11:59:50.423147",11.4,83.4,74.1,3348.271201
7,"2025-10-01 12:00:01.694028",9.4,83,74.1,3359.542091
7,"2025-10-01 12:00:12.998206",6.4,82.7,74.1,3370.846238
7,"2025-10-01 12:00:24.296243",11.9,83.9,74.1,3382.144403
7,"2025-10-01 12:00:35.559495",12.1,84.5,74.1,3393.407345
7,"2025-10-01 12:00:46.591130",32.1,86.1,74.1,3404.439309
7,"2025-10-01 12:00:58.333933",21.8,87.2,74.1,3416.181983
7,"2025-10-01 12:01:10.043416",17.5,87.9,74.1,3427.892043
7,"2025-10-01 12:01:21.633399",22.1,86.5,74.1,3439.4814
29,"2025-10-01 11:47:42.743485",44.5,42.6,31.2,8223.743766
29,"2025-10-01 11:47:52.812380",7.2,42.4,31.2,8233.812797
29,"2025-10-01 11:48:02.844582",4,42.7,31.2,8243.845015
29,"2025-10-01 11:48:12.875688",12,43.9,31.2,8253.876094
29,"2025-10-01 11:48:22.907303",5.9,44.2,31.2,8263.907746
29,"2025-10-01 11:48:32.940519",2.5,43.7,31.2,8273.940964
29,"2025-10-01 11:48:42.976394",1.4,43.7,31.2,8283.976844
29,"2025-10-01 11:48:53.013529",3.4,44.3,31.2,8294.013909
29,"2025-10-01 11:49:03.052642",5.2,44.2,31.2,8304.053046
29,"2025-10-01 11:49:13.095005",5.3,43.9,31.2,8314.095645
29,"2025-10-01 11:49:23.137536",5.6,44,31.2,8324.138168
29,"2025-10-01 11:49:33.182076",8.3,44.3,31.2,8334.182631
29,"2025-10-01 11:49:43.231325",5.1,44.1,31.2,8344.231836
29,"2025-10-01 11:49:53.275343",4.2,44,31.2,8354.27576
29,"2025-10-01 11:50:03.319280",5.4,44.7,31.2,8364.319807
29,"2025-10-01 11:50:13.366295",5.9,44.3,31.2,8374.366795
29,"2025-10-01 11:50:23.412894",3.5,44.2,31.2,8384.413351
29,"2025-10-01 11:50:33.461716",6.3,44.6,31.2,8394.462149
29,"2025-10-01 11:50:43.510970",5.7,44.5,31.2,8404.511412
29,"2025-10-01 11:50:53.556188",4.8,44.5,31.2,8414.556835
29,"2025-10-01 11:51:03.601594",5.3,44.5,31.2,8424.602116
29,"2025-10-01 11:51:13.648057",2.8,44.3,31.2,8434.648621
29,"2025-10-01 11:51:23.697141",1.5,44.1,31.2,8444.697718
29,"2025-10-01 11:51:33.746198",10.8,44.3,31.2,8454.746729
29,"2025-10-01 11:51:43.797166",6.5,43.9,31.2,8464.797705
29,"2025-10-01 11:51:53.841882",2,44,31.2,8474.842431
29,"2025-10-01 11:52:03.886113",3.2,44.1,31.2,8484.886921
29,"2025-10-01 11:52:13.926556",7.5,43.9,31.2,8494.927066
29,"2025-10-01 11:52:23.971014",2.4,44,31.2,8504.971583
29,"2025-10-01 11:52:34.017736",2.3,44,31.2,8515.018563
29,"2025-10-01 11:52:44.065302",2.8,43.9,31.2,8525.065782
29,"2025-10-01 11:52:54.109611",6.7,43.9,31.2,8535.110063
29,"2025-10-01 11:53:04.158880",3,44,31.2,8545.159457
29,"2025-10-01 11:53:14.202683",2.2,44.1,31.2,8555.203222
29,"2025-10-01 11:53:24.249073",2.1,44,31.2,8565.249538
29,"2025-10-01 11:53:34.295554",2.7,44,31.2,8575.296069
29,"2025-10-01 11:53:44.341843",2.1,43.9,31.2,8585.342449
29,"2025-10-01 11:53:54.388578",4.5,44.2,31.2,8595.389024
29,"2025-10-01 11:54:04.425659",11,44.1,31.2,8605.426186
29,"2025-10-01 11:54:14.472596",2.9,44,31.2,8615.473629
29,"2025-10-01 11:54:24.520034",3,44,31.2,8625.52062
29,"2025-10-01 11:54:34.567251",3.2,44,31.2,8635.567844
29,"2025-10-01 11:54:44.613920",4.2,43.9,31.2,8645.614503
29,"2025-10-01 11:54:54.659844",2.9,43.9,31.2,8655.660409
29,"2025-10-01 11:55:04.706291",4.2,44.3,31.2,8665.706798
29,"2025-10-01 11:55:14.752805",3.5,44.2,31.2,8675.753357
29,"2025-10-01 11:55:24.799545",2.9,44.2,31.2,8685.800441
29,"2025-10-01 11:55:34.846013",3.4,44.1,31.2,8695.846581
29,"2025-10-01 11:55:44.892037",3.1,44.2,31.2,8705.89253
29,"2025-10-01 11:55:54.938158",2.9,44.1,31.2,8715.938725
29,"2025-10-01 11:56:04.984645",3.4,43.9,31.2,8725.98517
29,"2025-10-01 11:56:15.030585",3,43.8,31.2,8736.031039
29,"2025-10-01 11:56:25.075825",3.5,43.6,31.2,8746.076412
29,"2025-10-01 11:56:35.123762",3,43.6,31.2,8756.124217
29,"2025-10-01 11:56:45.171664",3.8,43.6,31.2,8766.172121
29,"2025-10-01 11:56:55.218975",18,44,31.2,8776.219458
29,"2025-10-01 11:57:05.267464",12.9,44.1,31.2,8786.267925
29,"2025-10-01 11:57:15.314918",5.9,44.1,31.2,8796.315481
29,"2025-10-01 11:57:25.359157",8.8,43.8,31.2,8806.359682
29,"2025-10-01 11:57:35.404314",10.3,44,31.2,8816.404755
29,"2025-10-01 11:57:45.449943",8.2,44.1,31.2,8826.450405
29,"2025-10-01 11:57:55.496819",7,44,31.2,8836.497398
1,"2025-10-01 11:49:26.378507",27.9,73,91.8,7511.378669
1,"2025-10-01 11:49:36.414863",13.7,72.9,91.8,7521.415647
1,"2025-10-01 11:49:46.482956",2.6,72.6,91.8,7531.483723
1,"2025-10-01 11:49:56.551186",2.7,72.6,91.8,7541.551891
1,"2025-10-01 11:50:06.589087",2.7,72.6,91.8,7551.589802
1,"2025-10-01 11:50:16.652639",2.4,72.8,91.8,7561.65335
1,"2025-10-01 11:50:26.694938",2.4,72.9,91.8,7571.695631
1,"2025-10-01 11:50:36.758872",2.7,72.7,91.8,7581.759814
1,"2025-10-01 11:50:46.819203",2.7,72.6,91.8,7591.81991
1,"2025-10-01 11:50:56.864685",2.4,72.7,91.8,7601.865385
1,"2025-10-01 11:51:06.907052",2.3,72.6,91.8,7611.907757
1,"2025-10-01 11:51:16.947004",3.2,72.6,91.8,7621.947714
1,"2025-10-01 11:51:26.979290",7.9,72.8,91.8,7631.980088
1,"2025-10-01 11:51:37.082808",31.5,72.9,91.8,7642.083091
1,"2025-10-01 11:51:47.126867",14.3,72.9,91.8,7652.127912
1,"2025-10-01 11:51:57.219196",24.6,72.9,91.8,7662.219998
1,"2025-10-01 11:52:07.307938",28.9,73.1,91.8,7672.308737
1,"2025-10-01 11:52:17.374867",8.5,73,91.8,7682.375326
1,"2025-10-01 11:52:27.411468",3.6,73,91.8,7692.412192
1,"2025-10-01 11:52:37.451100",2.5,72.9,91.8,7702.451826
1,"2025-10-01 11:52:47.490886",14,73.1,91.8,7712.491219
1,"2025-10-01 11:52:57.532237",35.7,73.4,91.8,7722.533156
1,"2025-10-01 11:53:07.610946",35.7,73.5,91.8,7732.612022
1,"2025-10-01 11:53:17.703926",29.4,73.6,91.8,7742.704728
1,"2025-10-01 11:53:27.770861",28.9,73.6,91.8,7752.771877
1,"2025-10-01 11:53:37.846883",13.7,73.5,91.8,7762.847542
1,"2025-10-01 11:53:47.926369",33.4,73.1,91.8,7772.927497
1,"2025-10-01 11:53:58.050907",26.5,73.2,91.8,7783.051673
1,"2025-10-01 11:54:08.122947",20.3,73.3,91.8,7793.124053
1,"2025-10-01 11:54:18.246914",36.2,73.5,91.8,7803.248844
1,"2025-10-01 11:54:28.354825",35.8,73.8,91.8,7813.355283
1,"2025-10-01 11:54:38.418847",18.8,72.9,91.8,7823.419553
1,"2025-10-01 11:54:48.519158",3.1,72.8,91.8,7833.519897
1,"2025-10-01 11:54:58.570836",5.5,72.9,91.8,7843.571498
1,"2025-10-01 11:55:08.646908",33.1,73.7,91.8,7853.647666
1,"2025-10-01 11:55:18.768682",33.5,74,91.8,7863.769426
1,"2025-10-01 11:55:28.902851",24.6,74,91.8,7873.903601
1,"2025-10-01 11:55:38.975885",3.8,73.3,91.8,7883.976591
1,"2025-10-01 11:55:49.022644",18.7,73.5,91.8,7894.02358
1,"2025-10-01 11:55:59.060916",10.2,73.5,91.8,7904.061642
1,"2025-10-01 11:56:09.103782",19.6,73.7,91.8,7914.105957
1,"2025-10-01 11:56:19.203027",32.7,73.6,91.8,7924.204096
1,"2025-10-01 11:56:29.374817",32.4,73.9,91.8,7934.375115
1,"2025-10-01 11:56:39.422940",23,73.9,91.8,7944.423732
1,"2025-10-01 11:56:49.471200",14.2,73.6,91.8,7954.471923
1,"2025-10-01 11:56:59.514841",6.4,73.6,91.8,7964.51552
1,"2025-10-01 11:57:09.645460",21.5,73.6,91.8,7974.646324
1,"2025-10-01 11:57:19.702806",6.9,73.4,91.8,7984.703125
1,"2025-10-01 11:57:29.774845",25.3,73.3,91.8,7994.776061
1,"2025-10-01 11:57:39.848279",8.4,73.1,91.8,8004.848991
1,"2025-10-01 11:57:49.902928",4.3,73,91.8,8014.903594
1,"2025-10-01 11:57:59.962860",5.9,73,91.8,8024.963694
1,"2025-10-01 11:58:10.038886",28.5,73.1,91.8,8035.040011
1,"2025-10-01 11:58:20.148850",5.8,73.1,91.8,8045.149788
1,"2025-10-01 11:58:30.249515",4.5,73.2,91.8,8055.250307
1,"2025-10-01 11:58:40.321226",7.9,73.1,91.8,8065.322157
1,"2025-10-01 11:58:50.403005",20.1,73.2,91.8,8075.403824
1,"2025-10-01 11:59:00.456875",8.7,73.1,91.8,8085.45784
1,"2025-10-01 11:59:10.512926",12.9,73.1,91.8,8095.514084
1,"2025-10-01 11:59:20.643262",9.4,73,91.8,8105.643581
4,"2025-10-01 11:49:50.046772",68.2,72.1,91.7,7404.046995
4,"2025-10-01 11:50:00.100092",15.1,71.3,91.7,7414.101036
4,"2025-10-01 11:50:10.128451",2.3,71,91.7,7424.129316
4,"2025-10-01 11:50:20.176237",2.4,71.1,91.7,7434.177131
4,"2025-10-01 11:50:30.204520",2.1,71.3,91.7,7444.205462
4,"2025-10-01 11:50:40.233477",1.8,71.2,91.7,7454.234349
4,"2025-10-01 11:50:50.260341",2,71.3,91.7,7464.261199
4,"2025-10-01 11:51:00.288298",2.6,71.2,91.7,7474.289162
4,"2025-10-01 11:51:10.336053",2.1,71.4,91.7,7484.336927
4,"2025-10-01 11:51:20.364374",2.9,71.1,91.7,7494.365232
4,"2025-10-01 11:51:30.392829",3.1,71.2,91.7,7504.393756
4,"2025-10-01 11:51:40.419822",3.9,71.2,91.7,7514.420693
4,"2025-10-01 11:51:50.446705",22.5,71.5,91.7,7524.447727
4,"2025-10-01 11:52:00.475243",3.3,71.4,91.7,7534.476109
4,"2025-10-01 11:52:10.502610",2.6,71.6,91.7,7544.503473
4,"2025-10-01 11:52:20.529621",3.1,71.4,91.7,7554.530474
4,"2025-10-01 11:52:30.557830",2.2,71.4,91.7,7564.558708
4,"2025-10-01 11:52:40.584686",2,71.5,91.7,7574.585636
4,"2025-10-01 11:52:50.612296",2.1,71.4,91.7,7584.613144
4,"2025-10-01 11:53:00.636820",2.1,71.5,91.7,7594.637726
4,"2025-10-01 11:53:10.660645",2.5,71.5,91.7,7604.661566
4,"2025-10-01 11:53:20.686066",2.2,71.4,91.7,7614.686907
4,"2025-10-01 11:53:30.711328",5.7,71.5,91.7,7624.712186
4,"2025-10-01 11:53:40.755568",19.9,72,91.7,7634.756594
4,"2025-10-01 11:53:50.821040",28.6,72.6,91.7,7644.821981
4,"2025-10-01 11:54:00.880064",3.2,72.1,91.7,7654.880915
4,"2025-10-01 11:54:10.905217",12,71.9,91.7,7664.906158
4,"2025-10-01 11:54:20.950141",7.8,72.1,91.7,7674.951234
4,"2025-10-01 11:54:30.995385",7.9,72,91.7,7684.996227
4,"2025-10-01 11:54:41.019425",4,72,91.7,7695.020271
4,"2025-10-01 11:54:51.043720",2.3,71.9,91.7,7705.044479
4,"2025-10-01 11:55:01.066719",7.4,71.9,91.7,7715.067488
4,"2025-10-01 11:55:11.108292",3.8,71.7,91.7,7725.109131
4,"2025-10-01 11:55:21.133077",3.3,71.7,91.7,7735.133989
4,"2025-10-01 11:55:31.156742",13.8,72.2,91.7,7745.15785
4,"2025-10-01 11:55:41.205385",8.5,71.9,91.7,7755.206292
4,"2025-10-01 11:55:51.228322",3.5,72.1,91.7,7765.229179
4,"2025-10-01 11:56:01.252771",4.2,71.9,91.7,7775.253734
4,"2025-10-01 11:56:11.277771",4.2,71.9,91.7,7785.278634
4,"2025-10-01 11:56:21.303139",3.7,71.9,91.7,7795.303995
4,"2025-10-01 11:56:31.328615",3.7,71.8,91.7,7805.329529
4,"2025-10-01 11:56:41.353935",3.5,71.9,91.7,7815.35489
4,"2025-10-01 11:56:51.378938",7.4,72.4,91.7,7825.38009
4,"2025-10-01 11:57:01.406166",3.2,72.1,91.7,7835.407124
4,"2025-10-01 11:57:11.430583",2.6,72,91.7,7845.431431
4,"2025-10-01 11:57:21.455361",3.5,71.9,91.7,7855.456206
4,"2025-10-01 11:57:31.479623",12.3,71.9,91.7,7865.480367
4,"2025-10-01 11:57:41.523754",13.6,72.1,91.7,7875.524748
4,"2025-10-01 11:57:51.557760",25.2,72.5,91.7,7885.558799
4,"2025-10-01 11:58:01.604437",10.2,72.2,91.7,7895.605319
24,"2025-10-01 12:05:36.116301",39.2,62.6,3.7,220783.116505
24,"2025-10-01 12:05:46.154969",8,63.8,3.7,220793.155227
24,"2025-10-01 12:05:56.171520",7.7,64.6,3.7,220803.17173
24,"2025-10-01 12:06:06.189342",7.3,64.6,3.7,220813.18959
24,"2025-10-01 12:06:16.206912",5.1,64.7,3.7,220823.207174
24,"2025-10-01 12:06:26.223781",4.7,64.5,3.7,220833.224152
24,"2025-10-01 12:06:36.242716",7.3,64.1,3.7,220843.243063
24,"2025-10-01 12:06:46.259971",5.4,64.6,3.7,220853.260225
24,"2025-10-01 12:06:56.276089",6.7,63.8,3.7,220863.276383
24,"2025-10-01 12:07:06.296519",5.4,64.9,3.7,220873.296774
24,"2025-10-01 12:07:16.314261",2,64.6,3.7,220883.314503
24,"2025-10-01 12:07:26.330818",2.2,64.6,3.7,220893.331171
24,"2025-10-01 12:07:36.347697",2.3,64.3,3.7,220903.348064
24,"2025-10-01 12:07:46.364614",1.8,64.3,3.7,220913.364866
24,"2025-10-01 12:07:56.381514",3.3,64.7,3.7,220923.381756
24,"2025-10-01 12:08:06.398808",3.3,64.2,3.7,220933.399165
24,"2025-10-01 12:08:16.417958",4.8,65.1,3.7,220943.418199
24,"2025-10-01 12:08:26.434661",18.5,68.2,3.7,220953.436128
24,"2025-10-01 12:08:36.465927",23.6,70.8,3.7,220963.466175
24,"2025-10-01 12:08:46.582949",23.4,75.6,3.7,220973.583197
24,"2025-10-01 12:08:57.705279",18.5,76.1,3.7,220984.705512
24,"2025-10-01 12:09:07.730729",19.8,76.2,3.7,220994.73105
24,"2025-10-01 12:09:18.368864",13.6,77,3.7,221005.369112
24,"2025-10-01 12:09:28.386969",10.6,74.3,3.8,221015.38734
24,"2025-10-01 12:09:38.415464",2.8,72.9,3.8,221025.415913
24,"2025-10-01 12:09:48.438201",7.1,73.3,3.8,221035.438442
24,"2025-10-01 12:09:58.455006",5.1,71.6,3.8,221045.455257
24,"2025-10-01 12:10:08.473495",6.1,72.5,3.7,221055.473761
24,"2025-10-01 12:10:18.492276",8.9,70.7,3.8,221065.492514
24,"2025-10-01 12:10:28.510268",5.3,71.1,3.8,221075.510511
24,"2025-10-01 12:10:38.529913",11.7,71.6,3.8,221085.530196
24,"2025-10-01 12:10:48.547369",13.9,72.5,3.8,221095.547677
24,"2025-10-01 12:10:58.566434",20.2,73.6,3.8,221105.566725
24,"2025-10-01 12:11:08.586565",12.8,74,3.8,221115.586805
24,"2025-10-01 12:11:18.604876",8.7,74.1,3.8,221125.605129
24,"2025-10-01 12:11:28.624090",15.5,70.8,3.8,221135.624366
24,"2025-10-01 12:11:38.644452",16.2,77.9,3.8,221145.64497
24,"2025-10-01 12:11:48.670804",8.2,78.5,3.8,221155.671082
24,"2025-10-01 12:11:58.690306",8.2,79,3.8,221165.690559
24,"2025-10-01 12:12:08.709417",17.4,77.7,3.8,221175.709729
24,"2025-10-01 12:12:18.734515",8,79.1,3.8,221185.734754
24,"2025-10-01 12:12:28.754346",13.2,59.4,3.8,221195.754586
24,"2025-10-01 12:12:38.771996",1.9,56.8,3.8,221205.772254
24,"2025-10-01 12:12:48.789314",1.6,57,3.8,221215.789557
24,"2025-10-01 12:12:58.807739",5.7,55.7,3.8,221225.808158
24,"2025-10-01 12:13:08.836120",26.1,56.1,3.8,221235.836592
24,"2025-10-01 12:13:19.124805",15.1,53,3.8,221246.125082
24,"2025-10-01 12:13:29.143285",6.1,54.3,3.8,221256.143539
24,"2025-10-01 12:13:39.161866",3.6,53.4,3.8,221266.1621
24,"2025-10-01 12:13:49.179678",6.3,53.8,3.8,221276.180116
333,"2025-10-01 11:05:53.148808",5.4,84.1,74.5,436456.999982
333,"2025-10-01 11:06:04.190934",9.9,84.1,74.5,436468.046478
333,"2025-10-01 11:06:14.855501",2.5,83.8,74.5,436478.710008
333,"2025-10-01 11:06:25.461575",2.7,83.9,74.5,436489.316034
333,"2025-10-01 11:06:36.063158",2.6,83.9,74.5,436499.918531
333,"2025-10-01 11:06:46.688645",3,83.6,74.5,436510.54247
333,"2025-10-01 11:06:57.302658",2.5,83.7,74.5,436521.157244
333,"2025-10-01 11:07:07.909032",2.7,83.6,74.5,436531.761593
333,"2025-10-01 11:07:18.514206",2.3,83.8,74.6,436542.365894
333,"2025-10-01 11:07:29.113411",2.3,83.1,74.6,436552.968113
333,"2025-10-01 11:07:39.735780",3.4,82.9,74.6,436563.589419
333,"2025-10-01 11:07:50.377013",3,82.9,74.6,436574.232713
333,"2025-10-01 11:08:01.013357",3.6,82.9,74.6,436584.86786
333,"2025-10-01 11:08:11.620881",3.4,83.1,74.6,436595.477402
333,"2025-10-01 11:08:22.236340",4.6,82.9,74.6,436606.090266
333,"2025-10-01 11:08:32.845713",3.3,82.9,74.6,436616.700027
333,"2025-10-01 11:08:43.459458",3.9,82.5,74.6,436627.313889
333,"2025-10-01 11:08:54.073184",2.9,82.5,74.6,436637.927151
333,"2025-10-01 11:09:04.691766",2.8,82.4,74.6,436648.547625
333,"2025-10-01 11:09:15.307862",3.4,82.4,74.6,436659.162296
333,"2025-10-01 11:09:25.922471",3.8,82.5,74.6,436669.776906
333,"2025-10-01 11:09:36.536629",2,82.5,74.6,436680.391112
333,"2025-10-01 11:09:47.147680",2.5,82.5,74.6,436691.002374
333,"2025-10-01 11:09:57.749757",2.4,82.7,74.6,436701.604666
333,"2025-10-01 11:10:08.353453",5,83.1,74.6,436712.20982
333,"2025-10-01 11:10:19.020055",9.7,82.9,74.6,436722.874925
333,"2025-10-01 11:10:29.672401",2.1,83,74.6,436733.526232
333,"2025-10-01 11:10:40.310157",2.2,83,74.6,436744.163505
333,"2025-10-01 11:10:50.946508",2.2,83,74.6,436754.801242
333,"2025-10-01 11:11:01.574665",2.9,83,74.6,436765.430153
333,"2025-10-01 11:11:12.236972",3.3,82.9,74.6,436776.091721
333,"2025-10-01 11:11:22.910173",7.2,80.1,74.6,436786.764958
333,"2025-10-01 11:11:33.535660",3,80.2,74.6,436797.390238
333,"2025-10-01 11:11:44.164822",4.8,80.2,74.6,436808.019251
333,"2025-10-01 11:11:54.798022",3.1,80.2,74.6,436818.651695
333,"2025-10-01 11:12:05.420009",3.2,80,74.6,436829.274744
333,"2025-10-01 11:12:16.069442",3.7,80,74.6,436839.921011
333,"2025-10-01 11:12:26.674239",2.6,80,74.6,436850.52901
333,"2025-10-01 11:12:37.288929",3.1,80,74.6,436861.144087
333,"2025-10-01 11:12:47.910256",3.1,80,74.6,436871.764648
333,"2025-10-01 11:12:58.503540",2.5,80,74.6,436882.357984
333,"2025-10-01 11:13:09.117101",2.3,79.7,74.6,436892.971526
333,"2025-10-01 11:13:19.721726",2.6,79.8,74.6,436903.576107
333,"2025-10-01 11:13:30.337102",2.1,79.6,74.6,436914.191505
333,"2025-10-01 11:13:40.925685",2.2,79.6,74.6,436924.778993
333,"2025-10-01 11:13:51.523732",2.4,79.6,74.6,436935.37901
333,"2025-10-01 11:14:02.122399",2.2,79.6,74.6,436945.977727
333,"2025-10-01 11:14:12.720927",2.8,79.6,74.6,436956.574841
333,"2025-10-01 11:14:23.313369",4.6,79.5,74.6,436967.168776
333,"2025-10-01 11:14:33.930299",3,79.5,74.6,436977.782755
333,"2025-10-01 11:14:44.524560",2.9,79.6,74.6,436988.379774
333,"2025-10-01 11:14:55.125919",3,79.7,74.6,436998.98118
333,"2025-10-01 11:15:05.738625",2.9,79.6,74.6,437009.59023
333,"2025-10-01 11:15:16.333563",2.8,79.6,74.6,437020.187982
333,"2025-10-01 11:15:26.928851",2.7,79.6,74.6,437030.783332
333,"2025-10-01 11:15:37.521602",3,79.6,74.6,437041.376031
333,"2025-10-01 11:15:48.115411",3.2,79.6,74.6,437051.969431
333,"2025-10-01 11:15:58.704925",2.6,79.6,74.6,437062.556954
333,"2025-10-01 11:16:09.402169",3.8,80.1,74.6,437073.256311
333,"2025-10-01 11:16:20.034821",3.1,80.1,74.6,437083.888541
333,"2025-10-01 11:16:30.676788",2.6,80,74.6,437094.531472
333,"2025-10-01 11:16:41.296709",2.7,80,74.6,437105.151188
333,"2025-10-01 11:16:51.944838",3.3,80.1,74.6,437115.799257
333,"2025-10-01 11:17:02.562169",2.4,80.1,74.6,437126.416937
333,"2025-10-01 11:17:13.184804",2.9,80.1,74.6,437137.038958
333,"2025-10-01 11:17:23.827480",4.9,80,74.6,437147.681902
333,"2025-10-01 11:17:34.451318",2.7,80.1,74.6,437158.307702
333,"2025-10-01 11:17:45.082021",3.1,80.1,74.6,437168.936782
333,"2025-10-01 11:17:55.724781",3.8,80.1,74.6,437179.579092
333,"2025-10-01 11:18:06.326879",3,80.1,74.6,437190.181542
333,"2025-10-01 11:18:16.948999",3.1,80.1,74.6,437200.802649
333,"2025-10-01 11:18:27.565844",3.4,79.8,74.6,437211.419329
333,"2025-10-01 11:18:38.175553",2.9,79.7,74.6,437222.030891
333,"2025-10-01 11:18:48.781324",2.9,79.7,74.6,437232.635608
333,"2025-10-01 11:18:59.398283",2.9,79.8,74.6,437243.252994
333,"2025-10-01 11:19:10.021509",3.3,79.8,74.6,437253.876882
333,"2025-10-01 11:19:20.622856",3.3,79.7,74.6,437264.477548
333,"2025-10-01 11:19:31.238841",3.4,79.8,74.6,437275.094044
333,"2025-10-01 11:19:41.843222",2.9,79.8,74.6,437285.697518
333,"2025-10-01 11:19:52.450254",3.4,79.8,74.6,437296.304301
333,"2025-10-01 11:20:03.049350",2.3,79.8,74.6,437306.903804
333,"2025-10-01 11:20:13.638380",2.8,79.7,74.6,437317.492354
333,"2025-10-01 11:20:24.223129",4,79.6,74.6,437328.074997
333,"2025-10-01 11:20:34.814950",2,79.7,74.6,437338.669443
333,"2025-10-01 11:20:45.420039",2,79.7,74.6,437349.273162
333,"2025-10-01 11:20:56.018530",3.3,79.7,74.6,437359.872685
333,"2025-10-01 11:21:06.625149",2.5,79.7,74.6,437370.479505
333,"2025-10-01 11:21:17.212140",2.3,79.7,74.6,437381.063435
333,"2025-10-01 11:21:27.777171",2.2,79.7,74.6,437391.632496
333,"2025-10-01 11:21:38.387545",3.1,79.7,74.6,437402.242752
333,"2025-10-01 11:21:48.995392",5.1,79.7,74.6,437412.849771
333,"2025-10-01 11:21:59.605987",2.6,79.7,74.6,437423.461221
333,"2025-10-01 11:22:10.231164",3.6,79.7,74.6,437434.086491
333,"2025-10-01 11:22:20.860539",3.5,79.7,74.6,437444.714811
333,"2025-10-01 11:22:31.447742",2.6,79.6,74.6,437455.299796
333,"2025-10-01 11:22:42.046864",2.8,79.7,74.6,437465.900423
333,"2025-10-01 11:22:52.657586",3.4,79.7,74.6,437476.512922
333,"2025-10-01 11:23:03.267660",3.4,79.7,74.6,437487.122552
333,"2025-10-01 11:23:13.870737",3.1,79.7,74.6,437497.726149
333,"2025-10-01 11:23:24.478027",4.2,79.7,74.6,437508.332688
333,"2025-10-01 11:23:35.076848",2.9,79.6,74.6,437518.930642
333,"2025-10-01 11:23:45.654542",2.4,79.6,74.6,437529.508896
333,"2025-10-01 11:23:56.234318",2.2,79.6,74.6,437540.088728
333,"2025-10-01 11:24:06.831953",2.1,79.6,74.6,437550.686051
333,"2025-10-01 11:24:17.422902",2.8,79.7,74.6,437561.277198
333,"2025-10-01 11:24:28.028726",2.6,79.6,74.6,437571.883471
333,"2025-10-01 11:24:38.628386",2.7,79.6,74.6,437582.483023
333,"2025-10-01 11:24:49.222537",2.5,79.6,74.6,437593.076846
333,"2025-10-01 11:24:59.813946",2.4,79.6,74.6,437603.667586
333,"2025-10-01 11:25:10.399474",2.2,79.6,74.6,437614.254152
333,"2025-10-01 11:25:21.007792",3.3,79.6,74.6,437624.861242
333,"2025-10-01 11:25:31.586361",3.2,79.6,74.6,437635.439942
333,"2025-10-01 11:25:42.179909",2.9,79.6,74.6,437646.03519
333,"2025-10-01 11:25:52.773150",4,79.8,74.6,437656.628549
333,"2025-10-01 11:26:03.412955",3.8,79.8,74.6,437667.269083
333,"2025-10-01 11:26:14.022790",3.1,79.7,74.6,437677.878249
333,"2025-10-01 11:26:24.636969",8.8,79.4,74.6,437688.493348
333,"2025-10-01 11:26:35.279774",3.7,79.3,74.6,437699.134214
333,"2025-10-01 11:26:45.885328",3.4,79.3,74.6,437709.738835
333,"2025-10-01 11:26:56.456224",2.5,79.4,74.6,437720.311432
333,"2025-10-01 11:27:07.059764",3,79.2,74.6,437730.915125
333,"2025-10-01 11:27:17.673468",2.9,79.3,74.6,437741.525903
333,"2025-10-01 11:27:28.284187",3.4,79.3,74.6,437752.135404
333,"2025-10-01 11:27:38.853896",2.3,79.3,74.6,437762.708012
333,"2025-10-01 11:27:49.443696",2.3,79.3,74.6,437773.29832
333,"2025-10-01 11:28:00.016382",2.9,79.3,74.6,437783.871174
333,"2025-10-01 11:28:10.604184",1.9,79.3,74.6,437794.457939
333,"2025-10-01 11:28:21.181085",2,79.3,74.6,437805.035476
333,"2025-10-01 11:28:31.780479",2.6,79.4,74.6,437815.634722
333,"2025-10-01 11:28:42.369765",2.7,79.3,74.6,437826.222729
333,"2025-10-01 11:28:52.990047",3.7,79.2,74.6,437836.843957
333,"2025-10-01 11:29:03.577955",2.7,79.3,74.6,437847.433155
333,"2025-10-01 11:29:14.186345",3,79.3,74.6,437858.041608
333,"2025-10-01 11:29:24.794618",4.8,79.2,74.6,437868.648938
333,"2025-10-01 11:29:35.409205",2.6,79.3,74.6,437879.263975
333,"2025-10-01 11:29:46.015121",5,79.3,74.6,437889.868975
333,"2025-10-01 11:29:56.616022",3.4,79.4,74.6,437900.4702
333,"2025-10-01 11:30:07.212160",4,79.4,74.6,437911.066651
333,"2025-10-01 11:30:17.808485",2.7,79.4,74.6,437921.660171
333,"2025-10-01 11:30:28.381989",3.4,79.4,74.6,437932.236502
333,"2025-10-01 11:30:38.986216",2.2,79.4,74.6,437942.840574
333,"2025-10-01 11:30:49.573580",2.3,79.3,74.6,437953.427936
333,"2025-10-01 11:31:00.154064",2.4,79.3,74.6,437964.009305
333,"2025-10-01 11:31:10.787741",3.1,79.4,74.6,437974.642936
333,"2025-10-01 11:31:21.373050",2.7,79.4,74.6,437985.226246
333,"2025-10-01 11:31:31.962617",3.1,79.4,74.6,437995.814221
333,"2025-10-01 11:31:42.536685",6.8,79.3,74.6,438006.390334
333,"2025-10-01 11:31:53.172982",4.1,79.5,74.6,438017.02653
333,"2025-10-01 11:32:03.782672",3.2,79.5,74.6,438027.63436
333,"2025-10-01 11:32:14.393998",3.1,79.6,74.6,438038.246962
333,"2025-10-01 11:32:25.003277",4.3,79.5,74.6,438048.858088
333,"2025-10-01 11:32:35.677169",3.8,79.6,74.6,438059.533682
333,"2025-10-01 11:32:46.295026",3.4,79.5,74.6,438070.149606
333,"2025-10-01 11:32:56.906351",2.3,79.5,74.6,438080.760772
333,"2025-10-01 11:33:07.497875",4.4,79.5,74.6,438091.352312
333,"2025-10-01 11:33:18.108953",3.1,79.5,74.6,438101.963648
333,"2025-10-01 11:33:28.715989",2.1,79.5,74.6,438112.570365
333,"2025-10-01 11:33:39.334488",2.1,79.4,74.6,438123.188881
333,"2025-10-01 11:33:49.935500",2.5,79.4,74.6,438133.790163
333,"2025-10-01 11:34:00.530532",2.2,79.4,74.6,438144.384974
333,"2025-10-01 11:34:11.119868",2.1,79.4,74.6,438154.974206
333,"2025-10-01 11:34:21.707335",3,79.4,74.6,438165.561164
333,"2025-10-01 11:34:32.279119",4.8,79.5,74.6,438176.133564
333,"2025-10-01 11:34:42.907786",4.6,79.8,74.6,438186.762092
333,"2025-10-01 11:34:53.589592",2.7,79.8,74.6,438197.443758
333,"2025-10-01 11:35:04.231455",3.2,79.6,74.6,438208.085285
333,"2025-10-01 11:35:14.866010",2.8,79.6,74.6,438218.719375
333,"2025-10-01 11:35:25.491102",3.9,79.5,74.6,438229.346498
333,"2025-10-01 11:35:36.142868",4,79.6,74.6,438239.996951
333,"2025-10-01 11:35:46.745163",3.1,79.6,74.6,438250.600027
333,"2025-10-01 11:35:57.353478",3.1,79.6,74.6,438261.209479
333,"2025-10-01 11:36:07.978769",3,79.5,74.6,438271.833392
333,"2025-10-01 11:36:18.577404",4.9,80.6,74.6,438282.428196
333,"2025-10-01 11:53:31.382528",31.5,81.7,74.6,439315.23619
333,"2025-10-01 11:53:42.656892",18.8,81.9,74.6,439326.510464
333,"2025-10-01 11:53:53.912070",30,83.9,74.6,439337.765155
333,"2025-10-01 11:54:05.201125",9.8,84.3,74.6,439349.052441
333,"2025-10-01 11:54:15.878134",3.8,84,74.6,439359.729221
333,"2025-10-01 11:54:26.631140",7.5,83.8,74.6,439370.482577
333,"2025-10-01 11:54:37.366188",4.6,83.7,74.6,439381.217564
333,"2025-10-01 11:54:48.059818",2.6,83.5,74.6,439391.910951
333,"2025-10-01 11:54:58.788237",3.6,83.5,74.6,439402.645539
333,"2025-10-01 11:55:09.536250",4.5,83.4,74.6,439413.390642
333,"2025-10-01 11:55:20.302613",12.9,83.8,74.6,439424.154796
333,"2025-10-01 11:55:31.073833",13,84.9,74.6,439434.927016
333,"2025-10-01 11:55:42.240818",6.2,84.6,74.6,439446.09227
333,"2025-10-01 11:55:52.922521",9.8,84.6,74.6,439456.777335
333,"2025-10-01 11:56:03.640928",8.5,84.9,74.6,439467.495988
333,"2025-10-01 11:56:14.379350",13.9,84.1,74.6,439478.236159
333,"2025-10-01 11:56:25.100345",4.1,83.4,74.6,439488.956184
333,"2025-10-01 11:56:35.844042",7.3,83.3,74.6,439499.697319
333,"2025-10-01 11:56:46.552394",9.6,83.3,74.6,439510.409229
333,"2025-10-01 11:56:57.292884",16.8,84.5,74.6,439521.151111
333,"2025-10-01 11:57:08.069268",18.2,84,74.6,439531.920846
333,"2025-10-01 11:57:18.816382",12.3,83.8,74.6,439542.67047
333,"2025-10-01 11:57:29.494190",11.9,84.1,74.6,439553.346182
333,"2025-10-01 11:57:40.277675",7.6,84.1,74.6,439564.134874
333,"2025-10-01 11:57:50.955626",15.3,84.5,74.6,439574.810495
333,"2025-10-01 11:58:01.630495",6.7,84.4,74.6,439585.485247
"1","2025-10-26 00:01:43.791530",44.3,37.3,73.0,173007.822288
"1","2025-10-26 00:02:12.711832",85.2,50.1,64.2,46700.129219
"1","2025-10-26 00:03:00.675005",78.2,30.3,53.4,324883.332308
"24","2025-10-26 00:04:13.414081",47.9,59.3,27.0,246603.957969
"24","2025-10-26 00:04:47.469116",49.2,27.1,72.3,137351.463378
"24","2025-10-26 00:06:17.060155",68.2,31.7,35.7,219803.988009
"24","2025-10-26 00:07:37.332066",55.5,58.8,11.3,169001.077202
"29","2025-10-26 00:08:34.698372",93.6,57.1,38.8,328905.158757
"24","2025-10-26 00:09:43.201407",34.3,34.0,50.8,359392.213340
"7","2025-10-26 00:10:04.974959",8.7,41.9,46.7,294970.217351
"4","2025-10-26 00:11:53.303970",69.1,88.7,26.5,233080.347511
"24","2025-10-26 00:13:08.571409",6.3,23.1,20.0,341183.003186
"333","2025-10-26 00:13:46.331201",61.0,46.1,25.8,312489.150654
"4","2025-10-26 00:15:32.483189",5.9,74.5,74.6,357053.491297
"333","2025-10-26 00:16:51.642958",19.1,43.2,56.5,417532.842749
"29","2025-10-26 00:18:23.518880",78.0,43.7,16.5,420653.692248
"24","2025-10-26 00:19:12.637533",42.6,22.1,80.6,408422.378775
"333","2025-10-26 00:19:35.334094",42.2,77.7,64.2,467027.324505
"7","2025-10-26 00:20:10.016335",86.3,27.9,83.2,190014.286828
"1","2025-10-26 00:21:50.061734",94.9,23.0,24.1,257549.330894
"333","2025-10-26 00:22:36.702951",40.6,83.1,61.9,321950.485600
"7","2025-10-26 00:24:28.490130",17.2,42.8,24.3,311494.397072
"333","2025-10-26 00:25:01.031525",38.0,46.0,36.5,79008.851912
"1","2025-10-26 00:26:09.610515",45.3,77.1,51.8,421390.697662
"29","2025-10-26 00:27:14.351609",24.5,47.4,62.8,111452.222387
"4","2025-10-26 00:28:44.208754",90.3,55.0,22.9,10151.789182
"7","2025-10-26 00:29:43.149187",59.7,77.7,29.2,190471.216653
"24","2025-10-26 00:30:23.702951",40.6,83.1,61.9,321950.485600
"4","2025-10-26 00:32:00.672610",68.6,34.0,21.6,260580.999667
"24","2025-10-26 00:32:41.267866",5.2,50.1,64.2,209930.283186
"24","2025-10-26 00:33:47.369785",11.1,50.7,59.2,298132.080509
"24","2025-10-26 00:35:10.012356",48.1,70.5,67.6,358178.502446
"333","2025-10-26 00:36:20.596660",88.9,88.9,89.5,142340.404620
"7","2025-10-26 00:37:34.256247",9.9,64.3,47.6,177119.531776
"4","2025-10-26 00:38:29.851963",23.0,30.3,51.8,421390.697662
"24","2025-10-26 00:39:13.344465",56.7,69.5,88.8,322233.026402
"24","2025-10-26 00:41:07.747802",9.1,69.1,44.7,466249.712613
"333","2025-10-26 00:41:35.385702",17.3,81.4,19.9,462846.516518
"333","2025-10-26 00:43:31.745480",32.8,22.0,55.1,106518.318451
"333","2025-10-26 00:44:31.554316",41.6,22.4,56.7,330209.418701
"1","2025-10-26 00:45:07.348638",92.3,94.2,67.9,39021.037217
"1","2025-10-26 00:46:16.890695",89.4,49.1,82.4,10711.666114
"333","2025-10-26 00:47:33.473599",28.6,89.7,71.1,141675.334005
"29","2025-10-26 00:48:02.164344",75.5,55.4,62.8,416809.522435
"4","2025-10-26 00:49:15.532398",86.9,89.3,20.0,329881.028919
"24","2025-10-26 00:50:56.840788",96.7,35.0,22.8,479155.086208
"1","2025-10-26 00:51:25.594735",7.2,50.8,47.0,172949.778848
"24","2025-10-26 00:51:50.840135",72.3,59.3,77.5,76540.352494
"4","2025-10-26 00:52:16.486663",37.7,29.3,16.5,23081.189531
"333","2025-10-26 00:53:23.011835",10.3,55.1,49.3,485694.045025
"1","2025-10-26 00:54:19.467812",30.6,29.6,73.1,304403.483756
"333","2025-10-26 00:55:07.965882",97.9,87.6,18.0,175051.849641
"7","2025-10-26 00:56:56.852899",62.2,93.4,70.9,25225.823522
"29","2025-10-26 00:58:34.904838",80.4,87.1,38.1,234479.256877
"1","2025-10-26 01:00:23.275323",47.9,59.7,85.2,126848.337728
"1","2025-10-26 01:01:21.037803",81.4,85.6,35.7,276180.598506
"4","2025-10-26 01:03:19.664421",93.3,47.8,25.9,139967.632298
"4","2025-10-26 01:05:07.411130",72.2,65.8,50.1,26233.151978
"7","2025-10-26 01:05:43.708899",89.7,38.1,31.7,358055.836014
"1","2025-10-26 01:06:59.387920",80.5,59.8,88.7,341680.141738
"333","2025-10-26 01:08:44.821379",68.2,74.5,27.0,196884.283870
"24","2025-10-26 01:10:04.425785",11.4,59.3,27.5,419616.482705
"7","2025-10-26 01:11:05.152865",26.0,81.1,76.5,354316.516844
"333","2025-10-26 01:12:44.204558",75.9,34.0,50.6,183984.721471
"29","2025-10-26 01:13:30.932822",1.8,71.0,78.2,367098.397078
"24","2025-10-26 01:15:10.518880",78.0,43.7,16.5,420653.692248
"29","2025-10-26 01:16:33.407421",99.3,87.7,24.8,229415.757049
"1","2025-10-26 01:18:24.417244",46.6,56.7,46.1,171630.569420
"7","2025-10-26 01:18:59.431645",15.6,37.3,55.1,438234.331281
"24","2025-10-26 01:20:00.672610",39.7,48.1,33.0,301235.137838
"29","2025-10-26 01:21:40.404222",72.0,36.5,28.7,477169.579177
"24","2025-10-26 01:23:09.117180",72.7,45.4,30.3,174624.965839
"4","2025-10-26 01:23:25.790937",72.5,37.1,64.2,467027.324505
"24","2025-10-26 01:23:38.291771",87.9,86.6,63.1,478952.923163
"1","2025-10-26 01:24:08.513512",84.1,87.6,44.6,71457.260100
"4","2025-10-26 01:25:31.954625",43.1,64.4,22.7,213829.471954
"1","2025-10-26 01:26:40.840748",28.3,85.2,85.4,272825.968037
"29","2025-10-26 01:27:08.776615",68.7,69.5,88.9,451515.111952
"4","2025-10-26 01:28:44.208754",90.3,55.0,22.9,10151.789182
"29","2025-10-26 01:29:10.518629",49.2,28.5,41.9,139783.535804
"29","2025-10-26 01:29:43.149187",59.7,77.7,29.2,190471.216653
"24","2025-10-26 01:31:04.223508",7.1,77.9,59.3,277353.486820
"1","2025-10-26 01:31:49.070732",72.3,64.9,79.8,24255.772879
"4","2025-10-26 01:33:43.712613",44.6,21.5,44.1,455799.043063
"333","2025-10-26 01:35:07.724945",68.6,83.1,30.3,281489.106263
"4","2025-10-26 01:35:36.657512",83.4,69.3,71.0,432240.548231
"7","2025-10-26 01:36:13.292151",40.8,32.7,85.1,12133.295415
"4","2025-10-26 01:38:00.672610",68.6,34.0,21.6,260580.999667
"24","2025-10-26 01:39:19.463321",25.5,33.5,60.8,402509.308708
"7","2025-10-26 01:40:22.094595",29.2,28.6,12.5,148496.353347
"1","2025-10-26 01:41:40.485141",13.9,72.6,35.3,139987.971936
"24","2025-10-26 01:42:04.298759",43.3,37.1,64.7,222002.502845
"29","2025-10-26 01:42:24.037190",84.1,28.3,82.4,142718.064562
"333","2025-10-26 01:43:08.571409",6.3,23.1,20.0,341183.003186
"333","2025-10-26 01:44:03.498114",1.6,47.9,76.5,456976.012550
"29","2025-10-26 01:44:54.341334",93.6,58.3,77.8,252277.940825
"1","2025-10-26 01:46:27.420842",29.4,30.4,26.7,117765.340669
"7","2025-10-26 01:48:19.168759",30.2,46.1,19.3,478988.636067
"1","2025-10-26 01:50:09.117180",28.9,81.3,31.7,314649.035345
"333","2025-10-26 01:50:47.369785",39.8,81.4,14.6,359392.213340
"24","2025-10-26 01:52:13.670984",65.9,45.7,85.5,134265.176465
"333","2025-10-26 01:52:32.483189",5.9,74.5,74.6,357053.491297
"24","2025-10-26 01:53:51.642958",19.1,43.2,56.5,417532.842749
"7","2025-10-26 01:55:23.518880",78.0,43.7,16.5,420653.692248
"29","2025-10-26 01:56:12.637533",42.6,22.1,80.6,408422.378775
"4","2025-10-26 01:56:35.334094",42.2,77.7,64.2,467027.324505
"24","2025-10-26 01:57:10.016335",86.3,27.9,83.2,190014.286828
"24","2025-10-26 01:58:50.061734",94.9,23.0,24.1,257549.330894
"24","2025-10-26 01:59:36.702951",40.6,83.1,61.9,321950.485600
"1","2025-10-26 02:01:28.490130",17.2,42.8,24.3,311494.397072
"333","2025-10-26 02:02:01.031525",38.0,46.0,36.5,79008.851912
"29","2025-10-26 02:03:09.610515",45.3,77.1,51.8,421390.697662
"29","2025-10-26 02:04:14.351609",24.5,47.4,62.8,111452.222387
"4","2025-10-26 02:05:44.208754",90.3,55.0,22.9,10151.789182
"24","2025-10-26 02:06:43.149187",59.7,77.7,29.2,190471.216653
"24","2025-10-26 02:07:23.702951",40.6,83.1,61.9,321950.485600
"1","2025-10-26 02:09:00.672610",68.6,34.0,21.6,260580.999667
"7","2025-10-26 02:09:41.267866",5.2,50.1,64.2,209930.283186
"24","2025-10-26 02:10:47.369785",11.1,50.7,59.2,298132.080509
"24","2025-10-26 02:12:10.012356",48.1,70.5,67.6,358178.502446
"333","2025-10-26 02:13:20.596660",88.9,88.9,89.5,142340.404620
"1","2025-10-26 02:14:34.256247",9.9,64.3,47.6,177119.531776
"7","2025-10-26 02:15:29.851963",23.0,30.3,51.8,421390.697662
"4","2025-10-26 02:16:13.344465",56.7,69.5,88.8,322233.026402
"24","2025-10-26 02:18:07.747802",9.1,69.1,44.7,466249.712613
"333","2025-10-26 02:18:35.385702",17.3,81.4,19.9,462846.516518
"333","2025-10-26 02:20:31.745480",32.8,22.0,55.1,106518.318451
"333","2025-10-26 02:21:31.554316",41.6,22.4,56.7,330209.418701
"1","2025-10-26 02:22:07.348638",92.3,94.2,67.9,39021.037217
"1","2025-10-26 02:23:16.890695",89.4,49.1,82.4,10711.666114
"333","2025-10-26 02:24:33.473599",28.6,89.7,71.1,141675.334005
"29","2025-10-26 02:25:02.164344",75.5,55.4,62.8,416809.522435
"4","2025-10-26 02:26:15.532398",86.9,89.3,20.0,329881.028919
"24","2025-10-26 02:27:56.840788",96.7,35.0,22.8,479155.086208
"1","2025-10-26 02:28:25.594735",7.2,50.8,47.0,172949.778848
"24","2025-10-26 02:28:50.840135",72.3,59.3,77.5,76540.352494
"4","2025-10-26 02:29:16.486663",37.7,29.3,16.5,23081.189531
"333","2025-10-26 02:30:23.011835",10.3,55.1,49.3,485694.045025
"1","2025-10-26 02:31:19.467812",30.6,29.6,73.1,304403.483756
"333","2025-10-26 02:32:07.965882",97.9,87.6,18.0,175051.849641
"7","2025-10-26 02:33:56.852899",62.2,93.4,70.9,25225.823522
"29","2025-10-26 02:35:34.904838",80.4,87.1,38.1,234479.256877
"1","2025-10-26 02:37:23.275323",47.9,59.7,85.2,126848.337728
"1","2025-10-26 02:38:21.037803",81.4,85.6,35.7,276180.598506
"4","2025-10-26 02:40:19.664421",93.3,47.8,25.9,139967.632298
"4","2025-10-26 02:42:07.411130",72.2,65.8,50.1,26233.151978
"7","2025-10-26 02:42:43.708899",89.7,38.1,31.7,358055.836014
"1","2025-10-26 02:43:59.387920",80.5,59.8,88.7,341680.141738
"333","2025-10-26 02:45:44.821379",68.2,74.5,27.0,196884.283870
"24","2025-10-26 02:47:04.425785",11.4,59.3,27.5,419616.482705
"7","2025-10-26 02:48:05.152865",26.0,81.1,76.5,354316.516844
"333","2025-10-26 02:49:44.204558",75.9,34.0,50.6,183984.721471
"29","2025-10-26 02:50:30.932822",1.8,71.0,78.2,367098.397078
"24","2025-10-26 02:52:10.518880",78.0,43.7,16.5,420653.692248
"29","2025-10-26 02:53:33.407421",99.3,87.7,24.8,229415.757049
"1","2025-10-26 02:55:24.417244",46.6,56.7,46.1,171630.569420
"7","2025-10-26 02:55:59.431645",15.6,37.3,55.1,438234.331281
"24","2025-10-26 02:57:00.672610",39.7,48.1,33.0,301235.137838
"29","2025-10-26 02:58:40.404222",72.0,36.5,28.7,477169.579177
"24","2025-10-26 03:00:09.117180",72.7,45.4,30.3,174624.965839
"4","2025-10-26 03:00:25.790937",72.5,37.1,64.2,467027.324505
"24","2025-10-26 03:00:38.291771",87.9,86.6,63.1,478952.923163
"1","2025-10-26 03:01:08.513512",84.1,87.6,44.6,71457.260100
"4","2025-10-26 03:02:31.954625",43.1,64.4,22.7,213829.471954
"1","2025-10-26 03:03:40.840748",28.3,85.2,85.4,272825.968037
"29","2025-10-26 03:04:08.776615",68.7,69.5,88.9,451515.111952
"4","2025-10-26 03:05:44.208754",90.3,55.0,22.9,10151.789182
"29","2025-10-26 03:06:10.518629",49.2,28.5,41.9,139783.535804
"29","2025-10-26 03:06:43.149187",59.7,77.7,29.2,190471.216653
"24","2025-10-26 03:08:04.223508",7.1,77.9,59.3,277353.486820
"1","2025-10-26 03:08:49.070732",72.3,64.9,79.8,24255.772879
"4","2025-10-26 03:10:43.712613",44.6,21.5,44.1,455799.043063
"333","2025-10-26 03:12:07.724945",68.6,83.1,30.3,281489.106263
"4","2025-10-26 03:12:36.657512",83.4,69.3,71.0,432240.548231
"7","2025-10-26 03:13:13.292151",40.8,32.7,85.1,12133.295415
"4","2025-10-26 03:15:00.672610",68.6,34.0,21.6,260580.999667
"24","2025-10-26 03:16:19.463321",25.5,33.5,60.8,402509.308708
"7","2025-10-26 03:17:22.094595",29.2,28.6,12.5,148496.353347
"1","2025-10-26 03:18:40.485141",13.9,72.6,35.3,139987.971936
"24","2025-10-26 03:19:04.298759",43.3,37.1,64.7,222002.502845
"29","2025-10-26 03:19:24.037190",84.1,28.3,82.4,142718.064562
"333","2025-10-26 03:20:08.571409",6.3,23.1,20.0,341183.003186
"333","2025-10-26 03:21:03.498114",1.6,47.9,76.5,456976.012550
"29","2025-10-26 03:21:54.341334",93.6,58.3,77.8,252277.940825
"1","2025-10-26 03:23:27.420842",29.4,30.4,26.7,117765.340669
"7","2025-10-26 03:25:19.168759",30.2,46.1,19.3,478988.636067
"1","2025-10-26 03:27:09.117180",28.9,81.3,31.7,314649.035345
"333","2025-10-26 03:27:47.369785",39.8,81.4,14.6,359392.213340
"24","2025-10-26 03:29:13.670984",65.9,45.7,85.5,134265.176465
"333","2025-10-26 03:29:32.483189",5.9,74.5,74.6,357053.491297
"24","2025-10-26 03:30:51.642958",19.1,43.2,56.5,417532.842749
"7","2025-10-26 03:32:23.518880",78.0,43.7,16.5,420653.692248
"29","2025-10-26 03:33:12.637533",42.6,22.1,80.6,408422.378775
"4","2025-10-26 03:33:35.334094",42.2,77.7,64.2,467027.324505
"24","2025-10-26 03:34:10.016335",86.3,27.9,83.2,190014.286828
"24","2025-10-26 03:35:50.061734",94.9,23.0,24.1,257549.330894
"24","2025-10-26 03:36:36.702951",40.6,83.1,61.9,321950.485600
"1","2025-10-26 03:38:28.490130",17.2,42.8,24.3,311494.397072
"333","2025-10-26 03:39:01.031525",38.0,46.0,36.5,79008.851912
"29","2025-10-26 03:40:09.610515",45.3,77.1,51.8,421390.697662
"29","2025-10-26 03:41:14.351609",24.5,47.4,62.8,111452.222387
"4","2025-10-26 03:42:44.208754",90.3,55.0,22.9,10151.789182
"24","2025-10-26 03:43:43.149187",59.7,77.7,29.2,190471.216653
"24","2025-10-26 03:44:23.702951",40.6,83.1,61.9,321950.485600
"1","2025-10-26 03:46:00.672610",68.6,34.0,21.6,260580.999667
"7","2025-10-26 03:46:41.267866",5.2,50.1,64.2,209930.283186
"24","2025-10-26 03:47:47.369785",11.1,50.7,59.2,298132.080509
"24","2025-10-26 03:49:10.012356",48.1,70.5,67.6,358178.502446
"333","2025-10-26 03:50:20.596660",88.9,88.9,89.5,142340.404620
"1","2025-10-26 03:51:34.256247",9.9,64.3,47.6,177119.531776
"7","2025-10-26 03:52:29.851963",23.0,30.3,51.8,421390.697662
"4","2025-10-26 03:53:13.344465",56.7,69.5,88.8,322233.026402
"24","2025-10-26 03:55:07.747802",9.1,69.1,44.7,466249.712613
"333","2025-10-26 03:55:35.385702",17.3,81.4,19.9,462846.516518
"333","2025-10-26 03:57:31.745480",32.8,22.0,55.1,106518.318451
"333","2025-10-26 03:58:31.554316",41.6,22.4,56.7,330209.418701
"1","2025-10-26 03:59:07.348638",92.3,94.2,67.9,39021.037217
"1","2025-10-26 04:00:16.890695",89.4,49.1,82.4,10711.666114
"333","2025-10-26 04:01:33.473599",28.6,89.7,71.1,141675.334005
"29","2025-10-26 04:02:02.164344",75.5,55.4,62.8,416809.522435
"4","2025-10-26 04:03:15.532398",86.9,89.3,20.0,329881.028919
"24","2025-10-26 04:04:56.840788",96.7,35.0,22.8,479155.086208
"1","2025-10-26 04:05:25.594735",7.2,50.8,47.0,172949.778848
"24","2025-10-26 04:05:50.840135",72.3,59.3,77.5,76540.352494
"4","2025-10-26 04:06:16.486663",37.7,29.3,16.5,23081.189531
"333","2025-10-26 04:07:23.011835",10.3,55.1,49.3,485694.045025
"1","2025-10-26 04:08:19.467812",30.6,29.6,73.1,304403.483756
"333","2025-10-26 04:09:07.965882",97.9,87.6,18.0,175051.849641
"7","2025-10-26 04:10:56.852899",62.2,93.4,70.9,25225.823522
"29","2025-10-26 04:12:34.904838",80.4,87.1,38.1,234479.256877
"1","2025-10-26 04:14:23.275323",47.9,59.7,85.2,126848.337728
"1","2025-10-26 04:15:21.037803",81.4,85.6,35.7,276180.598506
"4","2025-10-26 04:17:19.664421",93.3,47.8,25.9,139967.632298
"4","2025-10-26 04:19:07.411130",72.2,65.8,50.1,26233.151978
"7","2025-10-26 04:19:43.708899",89.7,38.1,31.7,358055.836014
"1","2025-10-26 04:20:59.387920",80.5,59.8,88.7,341680.141738
"333","2025-10-26 04:22:44.821379",68.2,74.5,27.0,196884.283870
"24","2025-10-26 04:24:04.425785",11.4,59.3,27.5,419616.482705
"7","2025-10-26 04:25:05.152865",26.0,81.1,76.5,354316.516844
"333","2025-10-26 04:26:44.204558",75.9,34.0,50.6,183984.721471
"29","2025-10-26 04:27:30.932822",1.8,71.0,78.2,367098.397078
"24","2025-10-26 04:29:10.518880",78.0,43.7,16.5,420653.692248
"29","2025-10-26 04:30:33.407421",99.3,87.7,24.8,229415.757049
"1","2025-10-26 04:32:24.417244",46.6,56.7,46.1,171630.569420
"7","2025-10-26 04:32:59.431645",15.6,37.3,55.1,438234.331281
"24","2025-10-26 04:34:00.672610",39.7,48.1,33.0,301235.137838
"29","2025-10-26 04:35:40.404222",72.0,36.5,28.7,477169.579177
"24","2025-10-26 04:37:09.117180",72.7,45.4,30.3,174624.965839
"4","2025-10-26 04:37:25.790937",72.5,37.1,64.2,467027.324505
"24","2025-10-26 04:37:38.291771",87.9,86.6,63.1,478952.923163
"1","2025-10-26 04:38:08.513512",84.1,87.6,44.6,71457.260100
"4","2025-10-26 04:39:31.954625",43.1,64.4,22.7,213829.471954
"1","2025-10-26 04:40:40.840748",28.3,85.2,85.4,272825.968037
"29","2025-10-26 04:41:08.776615",68.7,69.5,88.9,451515.111952
"4","2025-10-26 04:42:44.208754",90.3,55.0,22.9,10151.789182
"29","2025-10-26 04:43:10.518629",49.2,28.5,41.9,139783.535804
"29","2025-10-26 04:43:43.149187",59.7,77.7,29.2,190471.216653
"24","2025-10-26 04:45:04.223508",7.1,77.9,59.3,277353.486820
"1","2025-10-26 04:45:49.070732",72.3,64.9,79.8,24255.772879
"4","2025-10-26 04:47:43.712613",44.6,21.5,44.1,455799.043063
"333","2025-10-26 04:49:07.724945",68.6,83.1,30.3,281489.106263
"4","2025-10-26 04:49:36.657512",83.4,69.3,71.0,432240.548231
"7","2025-10-26 04:50:13.292151",40.8,32.7,85.1,12133.295415
"4","2025-10-26 04:52:00.672610",68.6,34.0,21.6,260580.999667
"24","2025-10-26 04:53:19.463321",25.5,33.5,60.8,402509.308708
"7","2025-10-26 04:54:22.094595",29.2,28.6,12.5,148496.353347
"1","2025-10-26 04:55:40.485141",13.9,72.6,35.3,139987.971936
"24","2025-10-26 04:56:04.298759",43.3,37.1,64.7,222002.502845
"29","2025-10-26 04:56:24.037190",84.1,28.3,82.4,142718.064562
"333","2025-10-26 04:57:08.571409",6.3,23.1,20.0,341183.003186
"333","2025-10-26 04:58:03.498114",1.6,47.9,76.5,456976.012550
"29","2025-10-26 04:58:54.341334",93.6,58.3,77.8,252277.940825
"1","2025-10-26 05:00:27.420842",29.4,30.4,26.7,117765.340669
"7","2025-10-26 05:02:19.168759",30.2,46.1,19.3,478988.636067
"1","2025-10-26 05:04:09.117180",28.9,81.3,31.7,314649.035345
"333","2025-10-26 05:04:47.369785",39.8,81.4,14.6,359392.213340
"24","2025-10-26 05:06:13.670984",65.9,45.7,85.5,134265.176465
"333","2025-10-26 05:06:32.483189",5.9,74.5,74.6,357053.491297
"24","2025-10-26 05:07:51.642958",19.1,43.2,56.5,417532.842749
"7","2025-10-26 05:09:23.518880",78.0,43.7,16.5,420653.692248
"29","2025-10-26 05:10:12.637533",42.6,22.1,80.6,408422.378775
"4","2025-10-26 05:10:35.334094",42.2,77.7,64.2,467027.324505
"24","2025-10-26 05:11:10.016335",86.3,27.9,83.2,190014.286828
"24","2025-10-26 05:12:50.061734",94.9,23.0,24.1,257549.330894
"24","2025-10-26 05:13:36.702951",40.6,83.1,61.9,321950.485600
"1","2025-10-26 05:15:28.490130",17.2,42.8,24.3,311494.397072
"333","2025-10-26 05:16:01.031525",38.0,46.0,36.5,79008.851912
"29","2025-10-26 05:17:09.610515",45.3,77.1,51.8,421390.697662
"29","2025-10-26 05:18:14.351609",24.5,47.4,62.8,111452.222387
"4","2025-10-26 05:19:44.208754",90.3,55.0,22.9,10151.789182
"24","2025-10-26 05:20:43.149187",59.7,77.7,29.2,190471.216653
"24","2025-10-26 05:21:23.702951",40.6,83.1,61.9,321950.485600
"1","2025-10-26 05:23:00.672610",68.6,34.0,21.6,260580.999667
"7","2025-10-26 05:23:41.267866",5.2,50.1,64.2,209930.283186
"24","2025-10-26 05:24:47.369785",11.1,50.7,59.2,298132.080509
"24","2025-10-26 05:26:10.012356",48.1,70.5,67.6,358178.502446
"333","2025-10-26 05:27:20.596660",88.9,88.9,89.5,142340.404620
"1","2025-10-26 05:28:34.256247",9.9,64.3,47.6,177119.531776
"7","2025-10-26 05:29:29.851963",23.0,30.3,51.8,421390.697662
"4","2025-10-26 05:30:13.344465",56.7,69.5,88.8,322233.026402
"24","2025-10-26 05:32:07.747802",9.1,69.1,44.7,466249.712613
"333","2025-10-26 05:32:35.385702",17.3,81.4,19.9,462846.516518
"333","2025-10-26 05:34:31.745480",32.8,22.0,55.1,106518.318451
"333","2025-10-26 05:35:31.554316",41.6,22.4,56.7,330209.418701
"1","2025-10-26 05:36:07.348638",92.3,94.2,67.9,39021.037217
"1","2025-10-26 05:37:16.890695",89.4,49.1,82.4,10711.666114
"333","2025-10-26 05:38:33.473599",28.6,89.7,71.1,141675.334005
"29","2025-10-26 05:39:02.164344",75.5,55.4,62.8,416809.522435
"4","2025-10-26 05:40:15.532398",86.9,89.3,20.0,329881.028919
"24","2025-10-26 05:41:56.840788",96.7,35.0,22.8,479155.086208
"1","2025-10-26 05:42:25.594735",7.2,50.8,47.0,172949.778848
"24","2025-10-26 05:42:50.840135",72.3,59.3,77.5,76540.352494
"4","2025-10-26 05:43:16.486663",37.7,29.3,16.5,23081.189531
"333","2025-10-26 05:44:23.011835",10.3,55.1,49.3,485694.045025
"1","2025-10-26 05:45:19.467812",30.6,29.6,73.1,304403.483756
"333","2025-10-26 05:46:07.965882",97.9,87.6,18.0,175051.849641
"7","2025-10-26 05:47:56.852899",62.2,93.4,70.9,25225.823522
"29","2025-10-26 05:49:34.904838",80.4,87.1,38.1,234479.256877
"1","2025-10-26 05:51:23.275323",47.9,59.7,85.2,126848.337728
"1","2025-10-26 05:52:21.037803",81.4,85.6,35.7,276180.598506
"4","2025-10-26 05:54:19.664421",93.3,47.8,25.9,139967.632298
"4","2025-10-26 05:56:07.411130",72.2,65.8,50.1,26233.151978
"7","2025-10-26 05:56:43.708899",89.7,38.1,31.7,358055.836014
"1","2025-10-26 05:57:59.387920",80.5,59.8,88.7,341680.141738
"333","2025-10-26 05:59:44.821379",68.2,74.5,27.0,196884.283870
"24","2025-10-26 06:01:04.425785",11.4,59.3,27.5,419616.482705
"7","2025-10-26 06:02:05.152865",26.0,81.1,76.5,354316.516844
"333","2025-10-26 06:03:44.204558",75.9,34.0,50.6,183984.721471
"29","2025-10-26 06:04:30.932822",1.8,71.0,78.2,367098.397078
"24","2025-10-26 06:06:10.518880",78.0,43.7,16.5,420653.692248
"29","2025-10-26 06:07:33.407421",99.3,87.7,24.8,229415.757049
"1","2025-10-26 06:09:24.417244",46.6,56.7,46.1,171630.569420
"7","2025-10-26 06:09:59.431645",15.6,37.3,55.1,438234.331281
"24","2025-10-26 06:11:00.672610",39.7,48.1,33.0,301235.137838
"29","2025-10-26 06:12:40.404222",72.0,36.5,28.7,477169.579177
"24","2025-10-26 06:14:09.117180",72.7,45.4,30.3,174624.965839
"4","2025-10-26 06:14:25.790937",72.5,37.1,64.2,467027.324505
"24","2025-10-26 06:14:38.291771",87.9,86.6,63.1,478952.923163
"1","2025-10-26 06:15:08.513512",84.1,87.6,44.6,71457.260100
"4","2025-10-26 06:16:31.954625",43.1,64.4,22.7,213829.471954
"1","2025-10-26 06:17:40.840748",28.3,85.2,85.4,272825.968037
"29","2025-10-26 06:18:08.776615",68.7,69.5,88.9,451515.111952
"4","2025-10-26 06:19:44.208754",90.3,55.0,22.9,10151.789182
"29","2025-10-26 06:20:10.518629",49.2,28.5,41.9,139783.535804
"29","2025-10-26 06:20:43.149187",59.7,77.7,29.2,190471.216653
"24","2025-10-26 06:22:04.223508",7.1,77.9,59.3,277353.486820
"1","2025-10-26 06:22:49.070732",72.3,64.9,79.8,24255.772879
"4","2025-10-26 06:24:43.712613",44.6,21.5,44.1,455799.043063
"333","2025-10-26 06:26:07.724945",68.6,83.1,30.3,281489.106263
"4","2025-10-26 06:26:36.657512",83.4,69.3,71.0,432240.548231
"7","2025-10-26 06:27:13.292151",40.8,32.7,85.1,12133.295415
"4","2025-10-26 06:29:00.672610",68.6,34.0,21.6,260580.999667
"24","2025-10-26 06:30:19.463321",25.5,33.5,60.8,402509.308708
"7","2025-10-26 06:31:22.094595",29.2,28.6,12.5,148496.353347
"1","2025-10-26 06:32:40.485141",13.9,72.6,35.3,139987.971936
"24","2025-10-26 06:33:04.298759",43.3,37.1,64.7,222002.502845
"29","2025-10-26 06:33:24.037190",84.1,28.3,82.4,142718.064562
"333","2025-10-26 06:34:08.571409",6.3,23.1,20.0,341183.003186
"333","2025-10-26 06:35:03.498114",1.6,47.9,76.5,456976.012550
"29","2025-10-26 06:35:54.341334",93.6,58.3,77.8,252277.940825
"1","2025-10-26 06:37:27.420842",29.4,30.4,26.7,117765.340669
"7","2025-10-26 06:39:19.168759",30.2,46.1,19.3,478988.636067
"1","2025-10-26 06:41:09.117180",28.9,81.3,31.7,314649.035345
"333","2025-10-26 06:41:47.369785",39.8,81.4,14.6,359392.213340
"24","2025-10-26 06:43:13.670984",65.9,45.7,85.5,134265.176465
"333","2025-10-26 06:43:32.483189",5.9,74.5,74.6,357053.491297
"24","2025-10-26 06:44:51.642958",19.1,43.2,56.5,417532.842749
"7","2025-10-26 06:46:23.518880",78.0,43.7,16.5,420653.692248
"29","2025-10-26 06:47:12.637533",42.6,22.1,80.6,408422.378775
"4","2025-10-26 06:47:35.334094",42.2,77.7,64.2,467027.324505
"24","2025-10-26 06:48:10.016335",86.3,27.9,83.2,190014.286828
"24","2025-10-26 06:49:50.061734",94.9,23.0,24.1,257549.330894
"24","2025-10-26 06:50:36.702951",40.6,83.1,61.9,321950.485600
"1","2025-10-26 06:52:28.490130",17.2,42.8,24.3,311494.397072
"333","2025-10-26 06:53:01.031525",38.0,46.0,36.5,79008.851912
"29","2025-10-26 06:54:09.610515",45.3,77.1,51.8,421390.697662
"29","2025-10-26 06:55:14.351609",24.5,47.4,62.8,111452.222387
"4","2025-10-26 06:56:44.208754",90.3,55.0,22.9,10151.789182
"24","2025-10-26 06:57:43.149187",59.7,77.7,29.2,190471.216653
"24","2025-10-26 06:58:23.702951",40.6,83.1,61.9,321950.485600
"1","2025-10-26 07:00:00.672610",68.6,34.0,21.6,260580.999667
"7","2025-10-26 07:00:41.267866",5.2,50.1,64.2,209930.283186
"24","2025-10-26 07:01:47.369785",11.1,50.7,59.2,298132.080509
"24","2025-10-26 07:03:10.012356",48.1,70.5,67.6,358178.502446
"333","2025-10-26 07:04:20.596660",88.9,88.9,89.5,142340.404620
"1","2025-10-26 07:05:34.256247",9.9,64.3,47.6,177119.531776
"7","2025-10-26 07:06:29.851963",23.0,30.3,51.8,421390.697662
"4","2025-10-26 07:07:13.344465",56.7,69.5,88.8,322233.026402
"24","2025-10-26 07:09:07.747802",9.1,69.1,44.7,466249.712613
"333","2025-10-26 07:09:35.385702",17.3,81.4,19.9,462846.516518
"333","2025-10-26 07:11:31.745480",32.8,22.0,55.1,106518.318451
"333","2025-10-26 07:12:31.554316",41.6,22.4,56.7,330209.418701
"1","2025-10-26 07:13:07.348638",92.3,94.2,67.9,39021.037217
"1","2025-10-26 07:14:16.890695",89.4,49.1,82.4,10711.666114
"333","2025-10-26 07:15:33.473599",28.6,89.7,71.1,141675.334005
"29","2025-10-26 07:16:02.164344",75.5,55.4,62.8,416809.522435
"4","2025-10-26 07:17:15.532398",86.9,89.3,20.0,329881.028919
"24","2025-10-26 07:18:56.840788",96.7,35.0,22.8,479155.086208
"1","2025-10-26 07:19:25.594735",7.2,50.8,47.0,172949.778848
"24","2025-10-26 07:19:50.840135",72.3,59.3,77.5,76540.352494
"4","2025-10-26 07:20:16.486663",37.7,29.3,16.5,23081.189531
"333","2025-10-26 07:21:23.011835",10.3,55.1,49.3,485694.045025
"1","2025-10-26 07:22:19.467812",30.6,29.6,73.1,304403.483756
"333","2025-10-26 07:23:07.965882",97.9,87.6,18.0,175051.849641
"7","2025-10-26 07:24:56.852899",62.2,93.4,70.9,25225.823522
"29","2025-10-26 07:26:34.904838",80.4,87.1,38.1,234479.256877
"1","2025-10-26 07:28:23.275323",47.9,59.7,85.2,126848.337728
"1","2025-10-26 07:29:21.037803",81.4,85.6,35.7,276180.598506
"4","2025-10-26 07:31:19.664421",93.3,47.8,25.9,139967.632298
"4","2025-10-26 07:33:07.411130",72.2,65.8,50.1,26233.151978
"7","2025-10-26 07:33:43.708899",89.7,38.1,31.7,358055.836014
"1","2025-10-26 07:34:59.387920",80.5,59.8,88.7,341680.141738
"333","2025-10-26 07:36:44.821379",68.2,74.5,27.0,196884.283870
"24","2025-10-26 07:38:04.425785",11.4,59.3,27.5,419616.482705
"7","2025-10-26 07:39:05.152865",26.0,81.1,76.5,354316.516844
"333","2025-10-26 07:40:44.204558",75.9,34.0,50.6,183984.721471
"29","2025-10-26 07:41:30.932822",1.8,71.0,78.2,367098.397078
"24","2025-10-26 07:43:10.518880",78.0,43.7,16.5,420653.692248
"29","2025-10-26 07:44:33.407421",99.3,87.7,24.8,229415.757049
"1","2025-10-26 07:46:24.417244",46.6,56.7,46.1,171630.569420
"7","2025-10-26 07:46:59.431645",15.6,37.3,55.1,438234.331281
"24","2025-10-26 07:48:00.672610",39.7,48.1,33.0,301235.137838
"29","2025-10-26 07:49:40.404222",72.0,36.5,28.7,477169.579177
"24","2025-10-26 07:51:09.117180",72.7,45.4,30.3,174624.965839
"4","2025-10-26 07:51:25.790937",72.5,37.1,64.2,467027.324505
"24","2025-10-26 07:51:38.291771",87.9,86.6,63.1,478952.923163
"1","2025-10-26 07:52:08.513512",84.1,87.6,44.6,71457.260100
"4","2025-10-26 07:53:31.954625",43.1,64.4,22.7,213829.471954
"1","2025-10-26 07:54:40.840748",28.3,85.2,85.4,272825.968037
"29","2025-10-26 07:55:08.776615",68.7,69.5,88.9,451515.111952
"4","2025-10-26 07:56:44.208754",90.3,55.0,22.9,10151.789182
"29","2025-10-26 07:57:10.518629",49.2,28.5,41.9,139783.535804
"29","2025-10-26 07:57:43.149187",59.7,77.7,29.2,190471.216653
"24","2025-10-26 07:59:04.223508",7.1,77.9,59.3,277353.486820
"1","2025-10-26 07:59:49.070732",72.3,64.9,79.8,24255.772879
"4","2025-10-26 08:01:43.712613",44.6,21.5,44.1,455799.043063
"333","2025-10-26 08:03:07.724945",68.6,83.1,30.3,281489.106263
"4","2025-10-26 08:03:36.657512",83.4,69.3,71.0,432240.548231
"7","2025-10-26 08:04:13.292151",40.8,32.7,85.1,12133.295415
"4","2025-10-26 08:06:00.672610",68.6,34.0,21.6,260580.999667
"24","2025-10-26 08:07:19.463321",25.5,33.5,60.8,402509.308708
"7","2025-10-26 08:08:22.094595",29.2,28.6,12.5,148496.353347
"1","2025-10-26 08:09:40.485141",13.9,72.6,35.3,139987.971936
"24","2025-10-26 08:10:04.298759",43.3,37.1,64.7,222002.502845
"29","2025-10-26 08:10:24.037190",84.1,28.3,82.4,142718.064562
"333","2025-10-26 08:11:08.571409",6.3,23.1,20.0,341183.003186
"333","2025-10-26 08:12:03.498114",1.6,47.9,76.5,456976.012550
"29","2025-10-26 08:12:54.341334",93.6,58.3,77.8,252277.940825
"1","2025-10-26 08:14:27.420842",29.4,30.4,26.7,117765.340669
"7","2025-10-26 08:16:19.168759",30.2,46.1,19.3,478988.636067
"1","2025-10-26 08:18:09.117180",28.9,81.3,31.7,314649.035345
"333","2025-10-26 08:18:47.369785",39.8,81.4,14.6,359392.213340
"24","2025-10-26 08:20:13.670984",65.9,45.7,85.5,134265.176465
"333","2025-10-26 08:20:32.483189",5.9,74.5,74.6,357053.491297
"24","2025-10-26 08:21:51.642958",19.1,43.2,56.5,417532.842749
"7","2025-10-26 08:23:23.518880",78.0,43.7,16.5,420653.692248
"29","2025-10-26 08:24:12.637533",42.6,22.1,80.6,408422.378775
"4","2025-10-26 08:24:35.334094",42.2,77.7,64.2,467027.324505
"24","2025-10-26 08:25:10.016335",86.3,27.9,83.2,190014.286828
"24","2025-10-26 08:26:50.061734",94.9,23.0,24.1,257549.330894
"24","2025-10-26 08:27:36.702951",40.6,83.1,61.9,321950.485600
"1","2025-10-26 08:29:28.490130",17.2,42.8,24.3,311494.397072
"333","2025-10-26 08:30:01.031525",38.0,46.0,36.5,79008.851912
"29","2025-10-26 08:31:09.610515",45.3,77.1,51.8,421390.697662
"29","2025-10-26 08:32:14.351609",24.5,47.4,62.8,111452.222387
"4","2025-10-26 08:33:44.208754",90.3,55.0,22.9,10151.789182
"24","2025-10-26 08:34:43.149187",59.7,77.7,29.2,190471.216653
"24","2025-10-26 08:35:23.702951",40.6,83.1,61.9,321950.485600
"1","2025-10-26 08:37:00.672610",68.6,34.0,21.6,260580.999667
"7","2025-10-26 08:37:41.267866",5.2,50.1,64.2,209930.283186
"24","2025-10-26 08:38:47.369785",11.1,50.7,59.2,298132.080509
"24","2025-10-26 08:40:10.012356",48.1,70.5,67.6,358178.502446
"333","2025-10-26 08:41:20.596660",88.9,88.9,89.5,142340.404620
"1","2025-10-26 08:42:34.256247",9.9,64.3,47.6,177119.531776
"7","2025-10-26 08:43:29.851963",23.0,30.3,51.8,421390.697662
"4","2025-10-26 08:44:13.344465",56.7,69.5,88.8,322233.026402
"24","2025-10-26 08:46:07.747802",9.1,69.1,44.7,466249.712613
"333","2025-10-26 08:46:35.385702",17.3,81.4,19.9,462846.516518
"333","2025-10-26 08:48:31.745480",32.8,22.0,55.1,106518.318451
"333","2025-10-26 08:49:31.554316",41.6,22.4,56.7,330209.418701
"1","2025-10-26 08:50:07.348638",92.3,94.2,67.9,39021.037217
"1","2025-10-26 08:51:16.890695",89.4,49.1,82.4,10711.666114
"333","2025-10-26 08:52:33.473599",28.6,89.7,71.1,141675.334005
"29","2025-10-26 08:53:02.164344",75.5,55.4,62.8,416809.522435
"4","2025-10-26 08:54:15.532398",86.9,89.3,20.0,329881.028919
"24","2025-10-26 08:55:56.840788",96.7,35.0,22.8,479155.086208
"1","2025-10-26 08:56:25.594735",7.2,50.8,47.0,172949.778848
"24","2025-10-26 08:56:50.840135",72.3,59.3,77.5,76540.352494
"4","2025-10-26 08:57:16.486663",37.7,29.3,16.5,23081.189531
"333","2025-10-26 08:58:23.011835",10.3,55.1,49.3,485694.045025
"1","2025-10-26 08:59:19.467812",30.6,29.6,73.1,304403.483756
"333","2025-10-26 09:00:07.965882",97.9,87.6,18.0,175051.849641
"7","2025-10-26 09:01:56.852899",62.2,93.4,70.9,25225.823522
"29","2025-10-26 09:03:34.904838",80.4,87.1,38.1,234479.256877
"1","2025-10-26 09:05:23.275323",47.9,59.7,85.2,126848.337728
"1","2025-10-26 09:06:21.037803",81.4,85.6,35.7,276180.598506
"4","2025-10-26 09:08:19.664421",93.3,47.8,25.9,139967.632298
"4","2025-10-26 09:10:07.411130",72.2,65.8,50.1,26233.151978
"7","2025-10-26 09:10:43.708899",89.7,38.1,31.7,358055.836014
"1","2025-10-26 09:11:59.387920",80.5,59.8,88.7,341680.141738
"333","2025-10-26 09:13:44.821379",68.2,74.5,27.0,196884.283870
"24","2025-10-26 09:15:04.425785",11.4,59.3,27.5,419616.482705
"7","2025-10-26 09:16:05.152865",26.0,81.1,76.5,354316.516844
"333","2025-10-26 09:17:44.204558",75.9,34.0,50.6,183984.721471
"29","2025-10-26 09:18:30.932822",1.8,71.0,78.2,367098.397078
"24","2025-10-26 09:20:10.518880",78.0,43.7,16.5,420653.692248
"29","2025-10-26 09:21:33.407421",99.3,87.7,24.8,229415.757049
"1","2025-10-26 09:23:24.417244",46.6,56.7,46.1,171630.569420
"7","2025-10-26 09:23:59.431645",15.6,37.3,55.1,438234.331281
"24","2025-10-26 09:25:00.672610",39.7,48.1,33.0,301235.137838
"29","2025-10-26 09:26:40.404222",72.0,36.5,28.7,477169.579177
"24","2025-10-26 09:28:09.117180",72.7,45.4,30.3,174624.965839
"4","2025-10-26 09:28:25.790937",72.5,37.1,64.2,467027.324505
"24","2025-10-26 09:28:38.291771",87.9,86.6,63.1,478952.923163
"1","2025-10-26 09:29:08.513512",84.1,87.6,44.6,71457.260100
"4","2025-10-26 09:30:31.954625",43.1,64.4,22.7,213829.471954
"1","2025-10-26 09:31:40.840748",28.3,85.2,85.4,272825.968037
"29","2025-10-26 09:32:08.776615",68.7,69.5,88.9,451515.111952
"4","2025-10-26 09:33:44.208754",90.3,55.0,22.9,10151.789182
"29","2025-10-26 09:34:10.518629",49.2,28.5,41.9,139783.535804
"29","2025-10-26 09:34:43.149187",59.7,77.7,29.2,190471.216653
"24","2025-10-26 09:36:04.223508",7.1,77.9,59.3,277353.486820
"1","2025-10-26 09:36:49.070732",72.3,64.9,79.8,24255.772879
"4","2025-10-26 09:38:43.712613",44.6,21.5,44.1,455799.043063
"333","2025-10-26 09:40:07.724945",68.6,83.1,30.3,281489.106263
"4","2025-10-26 09:40:36.657512",83.4,69.3,71.0,432240.548231
"7","2025-10-26 09:41:13.292151",40.8,32.7,85.1,12133.295415
"4","2025-10-26 09:43:00.672610",68.6,34.0,21.6,260580.999667
"24","2025-10-26 09:44:19.463321",25.5,33.5,60.8,402509.308708
"7","2025-10-26 09:45:22.094595",29.2,28.6,12.5,148496.353347
"1","2025-10-26 09:46:40.485141",13.9,72.6,35.3,139987.971936
"24","2025-10-26 09:47:04.298759",43.3,37.1,64.7,222002.502845
"29","2025-10-26 09:47:24.037190",84.1,28.3,82.4,142718.064562
"333","2025-10-26 09:48:08.571409",6.3,23.1,20.0,341183.003186
"333","2025-10-26 09:49:03.498114",1.6,47.9,76.5,456976.012550
"29","2025-10-26 09:49:54.341334",93.6,58.3,77.8,252277.940825
"1","2025-10-26 09:51:27.420842",29.4,30.4,26.7,117765.340669
"7","2025-10-26 09:53:19.168759",30.2,46.1,19.3,478988.636067
"1","2025-10-26 09:55:09.117180",28.9,81.3,31.7,314649.035345
"333","2025-10-26 09:55:47.369785",39.8,81.4,14.6,359392.213340
"24","2025-10-26 09:57:13.670984",65.9,45.7,85.5,134265.176465
"333","2025-10-26 09:57:32.483189",5.9,74.5,74.6,357053.491297
"24","2025-10-26 09:58:51.642958",19.1,43.2,56.5,417532.842749
"7","2025-10-26 10:00:23.518880",78.0,43.7,16.5,420653.692248
"29","2025-10-26 10:01:12.637533",42.6,22.1,80.6,408422.378775
"4","2025-10-26 10:01:35.334094",42.2,77.7,64.2,467027.324505
"24","2025-10-26 10:02:10.016335",86.3,27.9,83.2,190014.286828
"24","2025-10-26 10:03:50.061734",94.9,23.0,24.1,257549.330894
"24","2025-10-26 10:04:36.702951",40.6,83.1,61.9,321950.485600
"1","2025-10-26 10:06:28.490130",17.2,42.8,24.3,311494.397072
"333","2025-10-26 10:07:01.031525",38.0,46.0,36.5,79008.851912
"29","2025-10-26 10:08:09.610515",45.3,77.1,51.8,421390.697662
"29","2025-10-26 10:09:14.351609",24.5,47.4,62.8,111452.222387
"4","2025-10-26 10:10:44.208754",90.3,55.0,22.9,10151.789182
"24","2025-10-26 10:11:43.149187",59.7,77.7,29.2,190471.216653
"24","2025-10-26 10:12:23.702951",40.6,83.1,61.9,321950.485600
"1","2025-10-26 10:14:00.672610",68.6,34.0,21.6,260580.999667
"7","2025-10-26 10:14:41.267866",5.2,50.1,64.2,209930.283186
"24","2025-10-26 10:15:47.369785",11.1,50.7,59.2,298132.080509
"24","2025-10-26 10:17:10.012356",48.1,70.5,67.6,358178.502446
"333","2025-10-26 10:18:20.596660",88.9,88.9,89.5,142340.404620
"1","2025-10-26 10:19:34.256247",9.9,64.3,47.6,177119.531776
"7","2025-10-26 10:20:29.851963",23.0,30.3,51.8,421390.697662
"4","2025-10-26 10:21:13.344465",56.7,69.5,88.8,322233.026402
"24","2025-10-26 10:23:07.747802",9.1,69.1,44.7,466249.712613
"333","2025-10-26 10:23:35.385702",17.3,81.4,19.9,462846.516518
"333","2025-10-26 10:25:31.745480",32.8,22.0,55.1,106518.318451
"333","2025-10-26 10:26:31.554316",41.6,22.4,56.7,330209.418701
"1","2025-10-26 10:27:07.348638",92.3,94.2,67.9,39021.037217
"1","2025-10-26 10:28:16.890695",89.4,49.1,82.4,10711.666114
"333","2025-10-26 10:29:33.473599",28.6,89.7,71.1,141675.334005
"29","2025-10-26 10:30:02.164344",75.5,55.4,62.8,416809.522435
"4","2025-10-26 10:31:15.532398",86.9,89.3,20.0,329881.028919
"24","2025-10-26 10:32:56.840788",96.7,35.0,22.8,479155.086208
"1","2025-10-26 10:33:25.594735",7.2,50.8,47.0,172949.778848
"24","2025-10-26 10:33:50.840135",72.3,59.3,77.5,76540.352494
"4","2025-10-26 10:34:16.486663",37.7,29.3,16.5,23081.189531
"333","2025-10-26 10:35:23.011835",10.3,55.1,49.3,485694.045025
"1","2025-10-26 10:36:19.467812",30.6,29.6,73.1,304403.483756
"333","2025-10-26 10:37:07.965882",97.9,87.6,18.0,175051.849641
"7","2025-10-26 10:38:56.852899",62.2,93.4,70.9,25225.823522
"29","2025-10-26 10:40:34.904838",80.4,87.1,38.1,234479.256877
"1","2025-10-26 10:42:23.275323",47.9,59.7,85.2,126848.337728
"1","2025-10-26 10:43:21.037803",81.4,85.6,35.7,276180.598506
"4","2025-10-26 10:45:19.664421",93.3,47.8,25.9,139967.632298
"4","2025-10-26 10:47:07.411130",72.2,65.8,50.1,26233.151978
"7","2025-10-26 10:47:43.708899",89.7,38.1,31.7,358055.836014
"1","2025-10-26 10:48:59.387920",80.5,59.8,88.7,341680.141738
"333","2025-10-26 10:50:44.821379",68.2,74.5,27.0,196884.283870
"24","2025-10-26 10:52:04.425785",11.4,59.3,27.5,419616.482705
"7","2025-10-26 10:53:05.152865",26.0,81.1,76.5,354316.516844
"333","2025-10-26 10:54:44.204558",75.9,34.0,50.6,183984.721471
"29","2025-10-26 10:55:30.932822",1.8,71.0,78.2,367098.397078
"24","2025-10-26 10:57:10.518880",78.0,43.7,16.5,420653.692248
"29","2025-10-26 10:58:33.407421",99.3,87.7,24.8,229415.757049
"1","2025-10-26 11:00:24.417244",46.6,56.7,46.1,171630.569420
"7","2025-10-26 11:00:59.431645",15.6,37.3,55.1,438234.331281
"24","2025-10-26 11:02:00.672610",39.7,48.1,33.0,301235.137838
"29","2025-10-26 11:03:40.404222",72.0,36.5,28.7,477169.579177
"24","2025-10-26 11:05:09.117180",72.7,45.4,30.3,174624.965839
"4","2025-10-26 11:05:25.790937",72.5,37.1,64.2,467027.324505
"24","2025-10-26 11:05:38.291771",87.9,86.6,63.1,478952.923163
"1","2025-10-26 11:06:08.513512",84.1,87.6,44.6,71457.260100
"4","2025-10-26 11:07:31.954625",43.1,64.4,22.7,213829.471954
"1","2025-10-26 11:08:40.840748",28.3,85.2,85.4,272825.968037
"29","2025-10-26 11:09:08.776615",68.7,69.5,88.9,451515.111952
"4","2025-10-26 11:10:44.208754",90.3,55.0,22.9,10151.789182
"29","2025-10-26 11:11:10.518629",49.2,28.5,41.9,139783.535804
"29","2025-10-26 11:11:43.149187",59.7,77.7,29.2,190471.216653
"24","2025-10-26 11:13:04.223508",7.1,77.9,59.3,277353.486820
"1","2025-10-26 11:13:49.070732",72.3,64.9,79.8,24255.772879
"4","2025-10-26 11:15:43.712613",44.6,21.5,44.1,455799.043063
"333","2025-10-26 11:17:07.724945",68.6,83.1,30.3,281489.106263
"4","2025-10-26 11:17:36.657512",83.4,69.3,71.0,432240.548231
"7","2025-10-26 11:18:13.292151",40.8,32.7,85.1,12133.295415
"4","2025-10-26 11:20:00.672610",68.6,34.0,21.6,260580.999667
"24","2025-10-26 11:21:19.463321",25.5,33.5,60.8,402509.308708
"7","2025-10-26 11:22:22.094595",29.2,28.6,12.5,148496.353347
"1","2025-10-26 11:23:40.485141",13.9,72.6,35.3,139987.971936
"24","2025-10-26 11:24:04.298759",43.3,37.1,64.7,222002.502845
"29","2025-10-26 11:24:24.037190",84.1,28.3,82.4,142718.064562
"333","2025-10-26 11:25:08.571409",6.3,23.1,20.0,341183.003186
"333","2025-10-26 11:26:03.498114",1.6,47.9,76.5,456976.012550
"29","2025-10-26 11:26:54.341334",93.6,58.3,77.8,252277.940825
"1","2025-10-26 11:28:27.420842",29.4,30.4,26.7,117765.340669
"7","2025-10-26 11:30:19.168759",30.2,46.1,19.3,478988.636067
"1","2025-10-26 11:32:09.117180",28.9,81.3,31.7,314649.035345
"333","2025-10-26 11:32:47.369785",39.8,81.4,14.6,359392.213340
"24","2025-10-26 11:34:13.670984",65.9,45.7,85.5,134265.176465
"333","2025-10-26 11:34:32.483189",5.9,74.5,74.6,357053.491297
"24","2025-10-26 11:35:51.642958",19.1,43.2,56.5,417532.842749
"7","2025-10-26 11:37:23.518880",78.0,43.7,16.5,420653.692248
"29","2025-10-26 11:38:12.637533",42.6,22.1,80.6,408422.378775
"4","2025-10-26 11:38:35.334094",42.2,77.7,64.2,467027.324505
"24","2025-10-26 11:39:10.016335",86.3,27.9,83.2,190014.286828
"24","2025-10-26 11:40:50.061734",94.9,23.0,24.1,257549.330894
"24","2025-10-26 11:41:36.702951",40.6,83.1,61.9,321950.485600
"1","2025-10-26 11:43:28.490130",17.2,42.8,24.3,311494.397072
"333","2025-10-26 11:44:01.031525",38.0,46.0,36.5,79008.851912
"29","2025-10-26 11:45:09.610515",45.3,77.1,51.8,421390.697662
"29","2025-10-26 11:46:14.351609",24.5,47.4,62.8,111452.222387
"4","2025-10-26 11:47:44.208754",90.3,55.0,22.9,10151.789182
"24","2025-10-26 11:48:43.149187",59.7,77.7,29.2,190471.216653
"24","2025-10-26 11:49:23.702951",40.6,83.1,61.9,321950.485600
"1","2025-10-26 11:51:00.672610",68.6,34.0,21.6,260580.999667
"7","2025-10-26 11:51:41.267866",5.2,50.1,64.2,209930.283186
"24","2025-10-26 11:52:47.369785",11.1,50.7,59.2,298132.080509
"24","2025-10-26 11:54:10.012356",48.1,70.5,67.6,358178.502446
"333","2025-10-26 11:55:20.596660",88.9,88.9,89.5,142340.404620
"1","2025-10-26 11:56:34.256247",9.9,64.3,47.6,177119.531776
"7","2025-10-26 11:57:29.851963",23.0,30.3,51.8,421390.697662
"4","2025-10-26 11:58:13.344465",56.7,69.5,88.8,322233.026402
"24","2025-10-26 12:00:07.747802",9.1,69.1,44.7,466249.712613
"333","2025-10-26 12:00:35.385702",17.3,81.4,19.9,462846.516518
"333","2025-10-26 12:02:31.745480",32.8,22.0,55.1,106518.318451
"333","2025-10-26 12:03:31.554316",41.6,22.4,56.7,330209.418701
"1","2025-10-26 12:04:07.348638",92.3,94.2,67.9,39021.037217
"1","2025-10-26 12:05:16.890695",89.4,49.1,82.4,10711.666114
"333","2025-10-26 12:06:33.473599",28.6,89.7,71.1,141675.334005
"29","2025-10-26 12:07:02.164344",75.5,55.4,62.8,416809.522435
"4","2025-10-26 12:08:15.532398",86.9,89.3,20.0,329881.028919
"24","2025-10-26 12:09:56.840788",96.7,35.0,22.8,479155.086208
"1","2025-10-26 12:10:25.594735",7.2,50.8,47.0,172949.778848
"24","2025-10-26 12:10:50.840135",72.3,59.3,77.5,76540.352494
"4","2025-10-26 12:11:16.486663",37.7,29.3,16.5,23081.189531
"333","2025-10-26 12:12:23.011835",10.3,55.1,49.3,485694.045025
"1","2025-10-26 12:13:19.467812",30.6,29.6,73.1,304403.483756
"333","2025-10-26 12:14:07.965882",97.9,87.6,18.0,175051.849641
"7","2025-10-26 12:15:56.852899",62.2,93.4,70.9,25225.823522
"29","2025-10-26 12:17:34.904838",80.4,87.1,38.1,234479.256877
"1","2025-10-26 12:19:23.275323",47.9,59.7,85.2,126848.337728
"1","2025-10-26 12:20:21.037803",81.4,85.6,35.7,276180.598506
"4","2025-10-26 12:22:19.664421",93.3,47.8,25.9,139967.632298
"4","2025-10-26 12:24:07.411130",72.2,65.8,50.1,26233.151978
"7","2025-10-26 12:24:43.708899",89.7,38.1,31.7,358055.836014
"1","2025-10-26 12:25:59.387920",80.5,59.8,88.7,341680.141738
"333","2025-10-26 12:27:44.821379",68.2,74.5,27.0,196884.283870
"24","2025-10-26 12:29:04.425785",11.4,59.3,27.5,419616.482705
"7","2025-10-26 12:30:05.152865",26.0,81.1,76.5,354316.516844
"333","2025-10-26 12:31:44.204558",75.9,34.0,50.6,183984.721471
"29","2025-10-26 12:32:30.932822",1.8,71.0,78.2,367098.397078
"24","2025-10-26 12:34:10.518880",78.0,43.7,16.5,420653.692248
"29","2025-10-26 12:35:33.407421",99.3,87.7,24.8,229415.757049
"1","2025-10-26 12:37:24.417244",46.6,56.7,46.1,171630.569420
"7","2025-10-26 12:37:59.431645",15.6,37.3,55.1,438234.331281
"24","2025-10-26 12:39:00.672610",39.7,48.1,33.0,301235.137838
"29","2025-10-26 12:40:40.404222",72.0,36.5,28.7,477169.579177
"24","2025-10-26 12:42:09.117180",72.7,45.4,30.3,174624.965839
"4","2025-10-26 12:42:25.790937",72.5,37.1,64.2,467027.324505
"24","2025-10-26 12:42:38.291771",87.9,86.6,63.1,478952.923163
"1","2025-10-26 12:43:08.513512",84.1,87.6,44.6,71457.260100
"4","2025-10-26 12:44:31.954625",43.1,64.4,22.7,213829.471954
"1","2025-10-26 12:45:40.840748",28.3,85.2,85.4,272825.968037
"29","2025-10-26 12:46:08.776615",68.7,69.5,88.9,451515.111952
"4","2025-10-26 12:47:44.208754",90.3,55.0,22.9,10151.789182
"29","2025-10-26 12:48:10.518629",49.2,28.5,41.9,139783.535804
"29","2025-10-26 12:48:43.149187",59.7,77.7,29.2,190471.216653
"24","2025-10-26 12:50:04.223508",7.1,77.9,59.3,277353.486820
"1","2025-10-26 12:50:49.070732",72.3,64.9,79.8,24255.772879
"4","2025-10-26 12:52:43.712613",44.6,21.5,44.1,455799.043063
"333","2025-10-26 12:54:07.724945",68.6,83.1,30.3,281489.106263
"4","2025-10-26 12:54:36.657512",83.4,69.3,71.0,432240.548231
"7","2025-10-26 12:55:13.292151",40.8,32.7,85.1,12133.295415
"4","2025-10-26 12:57:00.672610",68.6,34.0,21.6,260580.999667
"24","2025-10-26 12:58:19.463321",25.5,33.5,60.8,402509.308708
"7","2025-10-26 12:59:22.094595",29.2,28.6,12.5,148496.353347
"1","2025-10-26 13:00:40.485141",13.9,72.6,35.3,139987.971936
"24","2025-10-26 13:01:04.298759",43.3,37.1,64.7,222002.502845
"29","2025-10-26 13:01:24.037190",84.1,28.3,82.4,142718.064562
"333","2025-10-26 13:02:08.571409",6.3,23.1,20.0,341183.003186
"333","2025-10-26 13:03:03.498114",1.6,47.9,76.5,456976.012550
"29","2025-10-26 13:03:54.341334",93.6,58.3,77.8,252277.940825
"1","2025-10-26 13:05:27.420842",29.4,30.4,26.7,117765.340669
"7","2025-10-26 13:07:19.168759",30.2,46.1,19.3,478988.636067
"1","2025-10-26 13:09:09.117180",28.9,81.3,31.7,314649.035345
"333","2025-10-26 13:09:47.369785",39.8,81.4,14.6,359392.213340
"24","2025-10-26 13:11:13.670984",65.9,45.7,85.5,134265.176465
